url,status_code,title,depth,text,internal_links,external_links,internal_link_count,external_link_count,total_link_count,error
https://spbu.ru/,200,Главная | Санкт-Петербургский государственный университет,0,"Главная | Санкт-Петербургский государственный университет
Открытый университет
Сведения об образовательной организации
Политика открытости
Документы
Виртуальная приемная
Ректорские совещания
Материалы приема граждан
Перезагрузка
Работа в СПбГУ
Общественное обсуждение
Противодействие коррупции
Университет помогает в условиях специальной военной операции
Сотрудникам
Выпускникам
Работодателям
Поступающим
Приемная комиссия
Образовательные программы
Дополнительное образование
Календарь приема
Подготовка к ЕГЭ
Онлайн-курсы СПбГУ
Целевое обучение
Студентам
Центр карьер
Клиники СПбГУ
Студенческий совет
Студенческий кампус
Студенческие инициативы
Иностранным студентам
Медицинская помощь
Социальная защита
Отдых
Спорт и здоровый образ жизни
«Зеленый университет»
Воинский учет
Выпускникам
Партнерам
Криптовече
Многофункциональный платежный ассистент
Research IMS 2.0
Разработка онлайн-курсов
Сетевые программы
Посетителям
Контакты
EN
中文
Университет
История университета
Университет в лицах
Виртуальные экскурсии
Ректор СПбГУ
Подразделения и руководство
Учебно-научные подразделения
Попечительский совет
Музеи и коллекции СПбГУ
Партнеры
Клиника высоких медицинских технологий
Международная деятельность
Эндаумент-фонд
Ученый совет
Сувенирная продукция
Издательство СПбГУ
Объединенный архив СПбГУ
СПбГУ — цифровой университет
Наш университет
Образование
Дополнительное образование
Поступление в 2026 году
Центр инклюзивного образования
Образовательные программы
Приемная комиссия
Сведения об образовательной организации
Центр мониторинга качества образования
Онлайн-курсы СПбГУ
Клиники СПбГУ
Подробнее
Наука
Новости науки
Научный парк
Лаборатории и центры
Ученые степени в СПбГУ
Научная библиотека
Оборудование
Научные журналы
Победители конкурса мегагрантов
Наука и университеты
Теология в СПбГУ
Арктические проекты
Научный университет
Экспертиза
Центр экспертиз
Центр прикладной социологии
Центр медиации
Каталог исследований
Экспертные заключения
Экспертиза научных работ
Отзывы и рецензии
Центр исследований контрольно-надзорной деятельности
Бесплатная помощь
Экспертный университет
Новости и события
Контакты
ПОДРОБНЕЕ
Награждение дипломантов международной олимпиады Petropolitan Science (Re)Search
29 мая 2026 в 13:00, Университетская наб., д. 7‑9‑11, Актовый зал
ПОДРОБНЕЕ
Канал СПбГУ в национальном мессенджере MAX
Все важные объявления, новости и эксклюзивная информация — на одной платформе
ПОДРОБНЕЕ
Гайд студента СПбГУ
Вся информация для первокурсников у вас в кармане
ПОДРОБНЕЕ
Онлайн-мероприятия для иностранных абитуриентов
ПОДРОБНЕЕ
Дополнительное образование и онлайн-курсы в СПбГУ
Открыт набор слушателей на программы
ПОДРОБНЕЕ
Узнать о службе в войсках беспилотных систем
ПОДРОБНЕЕ
Университет помогает
Санкт-Петербургский университет поддерживает участников СВО и их детей, а также готов помогать россиянам, оказавшимся в сложной ситуации как в России, так и за рубежом.
ПОДРОБНЕЕ
НОВОСТИ
Новости
Студентка СПбГУ стала абсолютной победительницей всероссийского этапа конкурса «Мост китайского языка»
26 мая 2026
Новости
К юбилею почетного профессора СПбГУ Александра Ивановича Стребкова
24 мая 2026
Новости
В ходе визита в Китай Президента РФ В. В. Путина заключены соглашения между СПбГУ и крупнейшими китайскими вузами
20 мая 2026
Новости
Материалы ректорского совещания от 18 мая
18 мая 2026
В СПбГУ прозвенел последний звонок: гимназисты перелистнули страницу школьной жизни
13:29
СПбГУ расширяет сотрудничество с университетами Таиланда
10:00
Врачи университетской клиники создали программу для точной оценки дефектов роговицы
26 мая 2026
В СПбГУ создали идеального ИИ‑интервьюера
26 мая 2026
Лингвист СПбГУ в подкасте «Генрих Терагерц» рассказал, почему в Африке до сих пор не могут сосчитать все языки
25 мая 2026
Все новости
Ректорские совещания
Материалы ректорского совещания № 663
18 мая 2026
Материалы ректорского совещания № 662
12 мая 2026
Материалы ректорского совещания № 661
27 апреля 2026
Материалы ректорского совещания № 660
13 апреля 2026
Материалы ректорского совещания № 659
6 апреля 2026
Все материалы
ПИШ
Проект «Менделеев»
НОЦы
В Деле
Клиники
Теология
Центр ИИ
МЦМУ
Знание
Мегагранты
Арктика
Клиника СПбГУ
События
Богослужения в храме Святых апостолов Петра и Павла
май 2026
Встреча
Менторская программа
5 марта — 30 мая 2026
Встреча
Выставка «Великий талант и столь же великая удача»
7 мая — 15 октября 2026
Выставка
Дворец из слов, что не разрушит время
14 мая — 14 июля 2026
Выставка
Ко дню славянской письменности и культуры
22-31 мая 2026
Выставка
Выставка из цикла «Знаменитые универсанты» «Ученые‑востоковеды В. В. Григорьев, П. К. Коковцов»
25 мая — 8 июня 2026
Выставка
Давно стихами говорит Нева. Петербург глазами русских классиков
26 мая — 15 июня 2026
Выставка
Выставка «Память поколений. К 330‑летию Военно‑морского флота и 120‑летию подводного флота»
27 мая — 21 августа 2026
Выставка
Обзорная экскурсия по Музею В. В. Набокова
май 2026
Экскурсия
Обзорная экскурсия «Коридор Петровских Коллегий. Главное университетское пространство: прошлое и настоящее»
май 2026
Экскурсия
Экскурсия по Петрографическому музею
май 2026
Экскурсия
Экскурсия по Минералогическому музею
май 2026
Экскурсия
Университетские дворы: Архитектура и скульптура. Василеостровский кампус
май 2026
Экскурсия
Экскурсия по Музею истории физики и математики
май 2026
Экскурсия
Экскурсия по Палеонтологическому музею
май 2026
Экскурсия
Экскурсия по Гербарию СПбГУ
май 2026
Экскурсия
Выставка «От Васильевского острова до Петергофа» посвященная Дню Города
26 мая — 30 июня 2026
Выставка
Экскурсия по Музею‑архиву Д. И. Менделеева
май 2026
Экскурсия
СПбГУ празднует День города Санкт‑Петербурга
27 мая 2026
Праздник
Открытая лекция Федора Двинятина «Роман Мигеля Анхеля Астуриаса „Маисовые люди“»
28 мая 2026
Открытая лекция
Календарь событий
Ректорские совещания
Виртуальная приемная
Перезагрузка
Прошу нарушить правила
Материалы приема граждан
Ученый совет СПбГУ
ПРОГРАММЫ
720
образовательных программ
ПОДРОБНЕЕ
Бакалавриат и специалитет
Магистратура
Аспирантура и ординатура
Дополнительные образовательные программы
Дополнительное образование
Менеджмент в здравоохранении: формирование целостного взгляда на управление организацией
Основы права КНР
Методический курс «Бизнес‑тренер». 1 ступень. Ведение программ бизнес‑тренинга
Синхронный перевод и межкультурная коммуникация
Посмотреть все программы месяца
Университет в цифрах
90,6
средний балл ЕГЭ первокурсников, зачисленных в СПбГУ
500+
партнеров по всему миру: компаний и вузов
7 млн
изданий в фонде Научной библиотеки имени М. Горького СПбГУ
4 250+
научно-педагогических работников
35+
спортивных объектов в Санкт-Петербурге и Ленинградской области
1 650+
договоров о практической подготовке
обучающихся и соглашений о сотрудничестве
Присоединяйтесь к нам в соцсетях
Поступающим
Студентам
Сотрудникам
Партнерам
Поступающим
Приемная комиссия
Образовательные программы
Дополнительное образование
Подготовка к ЕГЭ
Онлайн-школа СПбГУ
Олимпиада школьников
Дни открытых дверей
Профориентация школьников
Подготовительные курсы
Прием иностранцев
Личный кабинет поступающего
Целевое обучение
Студентам
Обучение
Расписание
Центр карьер СПбГУ
Олимпиада для студентов
Академическая мобильность
Стипендии
Библиотека
Общежития
Спорт
Отдых
Студенческий совет
Blackboard
Личный кабинет обучающегося
Сотрудникам
Работа в СПбГУ
Ректорские совещания
Ученый совет
Научный парк
Перезагрузка
Виртуальная приемная
Прием граждан
Библиотека
Система Pure
Патенты и трансфер технологий
Общественные организации
Партнерам
Научный парк
Работодателям
Экспертный университет
Разработка онлайн-курсов
Эндаумент-фонд
Клиники
Лаборатории и центры
Центр технологий распределенных реестров
Центр прикладной социологии
Центр медиации
Центр языкового тестирования
Выпускникам
Реквизиты СПбГУ
Консультации и сервисы:
Виртуальная приемная
Бесплатная юридическая помощь
Бесплатная психологическая помощь
Центр финансовой грамотности
Центр переводов
Служба медиации
Электронные сервисы
Общественное обсуждение
Репозиторий СПбГУ
Книги СПбГУ
Сувениры СПбГУ
Платежный сервис
RSS
MAX
ВКонтакте
Rutube
Минобрнауки РФ
Минпросвещения РФ
Российское общество «Знание»
Диалог Россия — Республика Корея
Петербургский диалог
Нажимая на кнопку «подписаться», вы даете согласие на
обработку своих персональных данных
.
© Санкт-Петербургский государственный университет, 2026
199034, Россия, Санкт-Петербург, Университетская набережная, д. 7–9
Сведения об образовательной организации
Противодействие коррупции
Реквизиты СПбГУ
Контакты
Сделано Deasign в сотрудничестве с СПбГУ
На данном информационном ресурсе могут быть опубликованы архивные материалы с упоминанием физических и юридических лиц, включенных Министерством юстиции Российской Федерации в реестр иностранных агентов, а также организаций, признанных экстремистскими и запрещенных на территории Российской Федерации.
Весь сайт
В новостях и событиях
В документах
Олимпиада школьников
Приемная комиссия СПбГУ
Образовательные программы
Виртуальная приемная
Подразделения и руководство
Документы
Контакты
Этот сайт использует cookies для сбора статистики и анализа работы сайта. Просим согласиться на сбор и обработку ваших метаданных или отключить cookies в настройках браузера.",https://spbu.ru/; https://spbu.ru/openuniversity; https://spbu.ru/sveden; https://spbu.ru/openuniversity/politika-otkrytosti; https://spbu.ru/openuniversity/documents; https://spbu.ru/openuniversity/documents/52; https://spbu.ru/openuniversity/documents/51; https://spbu.ru/openuniversity/perezagruzka; https://spbu.ru/rabota-v-spbgu; https://spbu.ru/openuniversity/protivodeystvie-korrupcii; https://spbu.ru/universitet-pomogaet-v-usloviyakh-specialnoy-voennoy-operacii; https://spbu.ru/universitet/sotrudnikam; https://spbu.ru/vypusknikam; https://spbu.ru/rabotodatelyam; https://spbu.ru/postupayushchim; https://spbu.ru/postupayushchim/programms; https://spbu.ru/postupayushchim/programms/dopolnitelnyeprogrammy; https://spbu.ru/postupayushchim/calendar; https://spbu.ru/postupayushchim/podgotovka-k-ege; https://spbu.ru/universitet/onlayn-kursy-spbgu; https://spbu.ru/studentam; https://spbu.ru/studentam/centr-karer-spbgu; https://spbu.ru/studentam/praktika-po-modeli-kliniki-v-spbgu; https://spbu.ru/studentam/studencheskiy-sovet; https://spbu.ru/studentam/studencheskiy-kampus; https://spbu.ru/studentam/studencheskie-iniciativy; https://spbu.ru/studentam/inostrannym-studentam; https://spbu.ru/studentam/medicinskaya-pomosch; https://spbu.ru/studentam/socialnaya-zaschita; https://spbu.ru/studentam/otdykh; https://spbu.ru/studentam/sport-i-zdorovyy-obraz-zhizni; https://spbu.ru/studentam/zelenyy-universitet; https://spbu.ru/studentam/voinskiy-uchet; https://spbu.ru/partneram; https://spbu.ru/partneram/kriptoveche; https://spbu.ru/partneram/mpa; https://spbu.ru/partneram/research-ims-20; https://spbu.ru/partneram/setevye-programmy-spbgu; https://spbu.ru/posetitelyam; https://spbu.ru/contacts; https://spbu.ru/universitet; https://spbu.ru/history; https://spbu.ru/universitet/universitet-v-licakh; https://spbu.ru/universitet/virtualnye-ekskursii-po-universitetu; https://spbu.ru/rector; https://spbu.ru/universitet/podrazdeleniya-i-rukovodstvo; https://spbu.ru/universitet/uchebno-nauchnye-podrazdeleniya; https://spbu.ru/universitet/popechitelskiy-sovet; https://spbu.ru/universitet/muzei-i-kollekcii-spbgu; https://spbu.ru/universitet/partnery; https://spbu.ru/universitet/klinika-spbgu; https://spbu.ru/universitet/mezhdunarodnaya-deyatelnost; https://spbu.ru/universitet/endaument-fond-spbgu; https://spbu.ru/universitet/podrazdeleniya-i-rukovodstvo/uchenye-sovety/uchenyy-sovet-spbgu; https://spbu.ru/universitet/obedinennyy-arkhiv; https://spbu.ru/universitet/spbgu-cifrovoy-universitet; https://spbu.ru/education; https://spbu.ru/education/dopolnitelnoe-obrazovanie-v-spbgu; https://spbu.ru/education/centr-inklyuzivnogo-obrazovaniya; https://spbu.ru/postupayushchim/programms/bakalavriat; https://spbu.ru/nauka/laboratorii-i-centry/centr-monitoringa-kachestva-obrazovaniya-spbgu; https://spbu.ru/education/onlayn-kursy-spbgu; https://spbu.ru/nauka; https://spbu.ru/topics/1995; https://spbu.ru/nauka/nauchnyy-park; https://spbu.ru/nauka/laboratorii-i-centry; https://spbu.ru/nauka/uchenye-stepeni-v-spbgu; https://spbu.ru/nauka/nauchnaya-biblioteka-imeni-m-gorkogo; https://spbu.ru/nauka/oborudovanie-spbgu; https://spbu.ru/nauka/nauchnye-zhurnaly-spbgu; https://spbu.ru/nauka/pobediteli-konkursa-megagrantov; https://spbu.ru/nauka/nacionalnyy-proekt-nauka-i-universitety; https://spbu.ru/nauka/teologiya-v-spbgu; https://spbu.ru/nauka/arkticheskie-proekty-spbgu; https://spbu.ru/ekspertnyy-universitet; https://spbu.ru/ekspertnyy-universitet/centr-ekspertiz; https://spbu.ru/ekspertnyy-universitet/centr-prikladnoy-sociologii; https://spbu.ru/ekspertnyy-universitet/centr-mediacii-spbgu; https://spbu.ru/ekspertnyy-universitet/katalog-issledovaniy; https://spbu.ru/ekspertnyy-universitet/ekspertnye-zaklyucheniya; https://spbu.ru/ekspertnyy-universitet/ekspertiza-nauchnyh-rabot; https://spbu.ru/ekspertnyy-universitet/otzyvy-recenzii-i-rekomendatelnye-pisma; https://spbu.ru/ekspertnyy-universitet/mezhdisciplinarnyy-centr-issledovaniy-kontrolno-nadzornoy-deyatelnosti-v; https://spbu.ru/ekspertnyy-universitet/besplatnaya-pomoshch; https://spbu.ru/news-events; https://spbu.ru/news-events/calendar/ceremoniya-nagrazhdeniya-pobediteley-i-prizerov-otkrytoy-mezhdunarodnoy-1; https://spbu.ru/dopolnitelnye-obrazovatelnye-programmy-i-onlayn-kursy-spbgu; https://spbu.ru/sluzhba-v-voyskakh-bespilotnykh-sistem; https://spbu.ru/news-events/novosti/studentka-spbgu-stala-absolyutnoy-pobeditelnicey-vserossiyskogo-etapa-konkursa; https://spbu.ru/news-events/novosti; https://spbu.ru/news-events/novosti/k-yubileyu-pochetnogo-professora-spbgu-aleksandra-ivanovicha-strebkova; https://spbu.ru/news-events/novosti/v-khode-vizita-v-kitay-prezidenta-rf-v-v-putina-zaklyucheny-soglasheniya-mezhdu; https://spbu.ru/news-events/novosti/materialy-rektorskogo-soveschaniya-ot-18-maya; https://spbu.ru/news-events/novosti/v-spbgu-prozvenel-posledniy-zvonok-gimnazisty-perelistnuli-stranicu-shkolnoy; https://spbu.ru/news-events/novosti/spbgu-rasshiryaet-sotrudnichestvo-s-universitetami-tailanda; https://spbu.ru/news-events/novosti/vrachi-universitetskoy-kliniki-sozdali-programmu-dlya-tochnoy-ocenki-defektov; https://spbu.ru/news-events/novosti/v-spbgu-sozdali-idealnogo-ii-intervyuera; https://spbu.ru/news-events/novosti/lingvist-spbgu-v-podkaste-genrikh-teragerc-rasskazal-pochemu-v-afrike-do-sikh; https://spbu.ru/openuniversity/documents/materialy-rektorskogo-soveschaniya-140; https://spbu.ru/openuniversity/documents/materialy-rektorskogo-soveschaniya-139; https://spbu.ru/openuniversity/documents/materialy-rektorskogo-soveschaniya-138; https://spbu.ru/openuniversity/documents/materialy-rektorskogo-soveschaniya-137; https://spbu.ru/openuniversity/documents/materialy-rektorskogo-soveschaniya-136; https://spbu.ru/nauchno-obrazovatelnyy-klaster-mendeleev; https://spbu.ru/nauka/nacionalnyy-proekt-nauka-i-universitety/sankt-peterburgskiy-mezhdunarodnyy-matematicheskiy; https://spbu.ru/universitet/regionalnoe-otdelenie-rossiyskogo-obschestva-znanie; https://spbu.ru/news-events/calendar; https://spbu.ru/news-events/calendar/bogosluzheniya-v-khrame-svyatykh-apostolov-petra-i-pavla; https://spbu.ru/topics/97; https://spbu.ru/news-events/calendar/mentorskaya-programma; https://spbu.ru/news-events/calendar/vystavka-velikiy-talant-i-stol-zhe-velikaya-udacha; https://spbu.ru/topics/91; https://spbu.ru/news-events/calendar/dvorec-iz-slov-chto-ne-razrushit-vremya; https://spbu.ru/news-events/calendar/ko-dnyu-slavyanskoy-pismennosti-i-kultury; https://spbu.ru/news-events/calendar/vystavka-iz-cikla-znamenitye-universanty-uchenye-vostokovedy-v-v-grigorev-p-k; https://spbu.ru/news-events/calendar/davno-stikhami-govorit-neva-peterburg-glazami-russkikh-klassikov; https://spbu.ru/news-events/calendar/vystavka-pamyat-pokoleniy-k-330-letiyu-voenno-morskogo-flota-i-120-letiyu; https://spbu.ru/news-events/calendar/obzornaya-ekskursiya-po-muzeyu-v-v-nabokova; https://spbu.ru/topics/3929; https://spbu.ru/news-events/calendar/obzornaya-ekskursiya-koridor-petrovskikh-kollegiy-glavnoe-universitetskoe; https://spbu.ru/news-events/calendar/ekskursiya-po-petrograficheskomu-muzeyu; https://spbu.ru/news-events/calendar/ekskursiya-po-mineralogicheskomu-muzeyu; https://spbu.ru/news-events/calendar/universitetskie-dvory-arkhitektura-i-skulptura-vasileostrovskiy-kampus; https://spbu.ru/news-events/calendar/ekskursiya-po-muzeyu-istorii-fiziki-i-matematiki; https://spbu.ru/news-events/calendar/ekskursiya-po-paleontologicheskomu-muzeyu; https://spbu.ru/news-events/calendar/ekskursiya-po-gerbariyu-spbgu; https://spbu.ru/news-events/calendar/vystavka-ot-vasilevskogo-ostrova-do-petergofa-posvyaschennaya-dnyu-goroda; https://spbu.ru/news-events/calendar/ekskursiya-po-muzeyu-arkhivu-d-i-mendeleeva; https://spbu.ru/news-events/calendar/spbgu-prazdnuet-den-goroda-sankt-peterburga-0; https://spbu.ru/topics/94; https://spbu.ru/news-events/calendar/otkrytaya-lekciya-fedora-dvinyatina-roman-migelya-ankhelya-asturiasa-maisovye; https://spbu.ru/topics/106; https://spbu.ru/rector/proshu-narushit-pravila; https://spbu.ru/postupayushchim/programms/magistratura; https://spbu.ru/postupayushchim/programms/aspirantura; https://spbu.ru/postupayushchim/programms/dopolnitelnyeprogrammy/menedzhment-v-zdravookhranenii-formirovanie-0; https://spbu.ru/postupayushchim/programms/dopolnitelnyeprogrammy/osnovy-prava-knr; https://spbu.ru/postupayushchim/programms/dopolnitelnyeprogrammy/metodicheskiy-kurs-biznes-trener-1-stupen-0; https://spbu.ru/postupayushchim/programms/dopolnitelnyeprogrammy/sinkhronnyy-perevod-i-mezhkulturnaya-kommunikaciya; https://spbu.ru/oficialnye-kanaly-spbgu; https://spbu.ru/postupayushchim/programms/dopolnitelnyeprogrammy?field=&audience=3491&type=&eduform=&op=%D0%9D%D0%90%D0%99%D0%A2%D0%98%20%D0%9F%D0%A0%D0%9E%D0%93%D0%A0%D0%90%D0%9C%D0%9C%D0%AB; https://spbu.ru/studentam/obuchenie; https://spbu.ru/studentam/centr-karery-spbgu; https://spbu.ru/universitet/podrazdeleniya-i-rukovodstvo/uchenye-sovety; https://spbu.ru/obshchestvennye-organizacii; https://spbu.ru/openuniversity/rabotodatelyam; https://spbu.ru/openuniversity/documents/rekvizity-spbgu; https://spbu.ru/studentam/praktika/praktika-po-modeli-kliniki-v-spbgu/socialnyy-centr-perevodov; https://spbu.ru/studentam/praktika/praktika-po-modeli-kliniki-v-spbgu/konfliktologicheskaya-klinika-sluzhba-mediacii; https://spbu.ru/news-events.xml; https://spbu.ru/openuniversity/documents/soglasie-na-obrabotku-personalnykh-dannykh,http://guestbook.spbu.ru/; http://forum.spbu.ru/; http://abiturient.spbu.ru/; https://abiturient.spbu.ru/page-tselevoe-obuchenie-/; http://english.spbu.ru/; http://chinese.spbu.ru/; https://store.spbu.ru/; https://publishing.spbu.ru/; https://max.ru/spbuniversity1724; https://guide.spbu.ru/?from=guide-banner; https://intmeet.spbu.ru/; https://engineers.spbu.ru/; https://cdet.spbu.ru/; https://vdele.spbu.ru/; https://aicenter.spbu.ru/; https://max.ru/spbuniversity1724?from=site; https://vk.com/spb1724?from=site; https://rutube.ru/channel/24725063/videos/?from=site; https://max.ru/id7801002274_gos9; https://teragerz.mave.digital/; https://abiturient.spbu.ru/; https://abiturient.spbu.ru/programs/onlayn-shkola-spbgu/; http://olympiada.spbu.ru/; https://abiturient.spbu.ru/info/general-info/dni-otkrytykh-dverey/; https://abiturient.spbu.ru/reception-foreign; https://abiturient.spbu.ru/page-lichnyy-kabinet/; http://timetable.spbu.ru/; http://psrs.spbu.ru/; https://ifea.spbu.ru/%D1%81%D1%82%D1%83%D0%B4%D0%B5%D0%BD%D1%82%D0%B0%D0%BC-%D1%81%D0%BF%D0%B1%D0%B3%D1%83; https://uosd.spbu.ru/; http://bb.spbu.ru/; http://my.spbu.ru/; http://www.library.spbu.ru/; https://research.spbu.ru/ru/; http://unipat.spbu.ru/; https://dltc.spbu.ru/; https://testingcenter.spbu.ru/ru/; http://www.psy.spbu.ru/department/psychcentre/sluzhba; http://www.econ.spbu.ru/ru/nauka/nauchnye-centry/centr-finansovoy-gramotnosti-0; http://abc.spbu.ru/; https://dspace.spbu.ru/; https://pay.spbu.ru/; https://max.ru/spbuniversity1724?from=fsite; https://vk.com/spb1724?from=fsite; https://rutube.ru/channel/24725063/videos/?from=fsite; https://minobrnauki.gov.ru/; https://edu.gov.ru/; http://drrk.ru/; http://petersburger-dialog.ru/; http://deasign.ru/; https://olympiada.spbu.ru/,151,51,202,
https://spbu.ru/openuniversity,200,Открытый университет | Санкт-Петербургский государственный университет,1,"Открытый университет | Санкт-Петербургский государственный университет
Открытый университет
Сведения об образовательной организации
Политика открытости
Документы
Виртуальная приемная
Ректорские совещания
Материалы приема граждан
Перезагрузка
Работа в СПбГУ
Общественное обсуждение
Противодействие коррупции
Университет помогает в условиях специальной военной операции
Сотрудникам
Выпускникам
Работодателям
Поступающим
Приемная комиссия
Образовательные программы
Дополнительное образование
Календарь приема
Подготовка к ЕГЭ
Онлайн-курсы СПбГУ
Целевое обучение
Студентам
Центр карьер
Клиники СПбГУ
Студенческий совет
Студенческий кампус
Студенческие инициативы
Иностранным студентам
Медицинская помощь
Социальная защита
Отдых
Спорт и здоровый образ жизни
«Зеленый университет»
Воинский учет
Выпускникам
Партнерам
Криптовече
Многофункциональный платежный ассистент
Research IMS 2.0
Разработка онлайн-курсов
Сетевые программы
Посетителям
Контакты
EN
中文
Университет
История университета
Университет в лицах
Виртуальные экскурсии
Ректор СПбГУ
Подразделения и руководство
Учебно-научные подразделения
Попечительский совет
Музеи и коллекции СПбГУ
Партнеры
Клиника высоких медицинских технологий
Международная деятельность
Эндаумент-фонд
Ученый совет
Сувенирная продукция
Издательство СПбГУ
Объединенный архив СПбГУ
СПбГУ — цифровой университет
Наш университет
Образование
Дополнительное образование
Поступление в 2026 году
Центр инклюзивного образования
Образовательные программы
Приемная комиссия
Сведения об образовательной организации
Центр мониторинга качества образования
Онлайн-курсы СПбГУ
Клиники СПбГУ
Подробнее
Наука
Новости науки
Научный парк
Лаборатории и центры
Ученые степени в СПбГУ
Научная библиотека
Оборудование
Научные журналы
Победители конкурса мегагрантов
Наука и университеты
Теология в СПбГУ
Арктические проекты
Научный университет
Экспертиза
Центр экспертиз
Центр прикладной социологии
Центр медиации
Каталог исследований
Экспертные заключения
Экспертиза научных работ
Отзывы и рецензии
Центр исследований контрольно-надзорной деятельности
Бесплатная помощь
Экспертный университет
Новости и события
Контакты
Открытый университет
Политика открытости
Сотрудникам
Работодателям
Противодействие коррупции
Перезагрузка
Документы
Виртуальная приемная
Ректорские совещания
Материалы приема граждан
Перезагрузка
Международная деятельность
Международная и профессионально-общественная аккредитация
Эндаумент-фонд СПбГУ
Открытый университет
Открытость — принцип жизни первого университета России. Этот принцип объединяет все шесть проектов Программы развития СПбГУ. Открытость способствует объединению и развитию нашего университета. Вся деятельность прозрачна и максимально понятна: от приема абитуриентов до защиты дипломных работ выпускниками, от конкурсов на должности научно-педагогических работников до конкурсов мегагрантов СПбГУ.
Политика открытости
В Университете созданы условия для объективного и открытого отбора лучших абитуриентов. Условия поступления в СПбГУ публикуются заблаговременно, до начала приемной кампании, ведется аудио- и видеозапись экзаменов в устной и смешанной (устной и письменной) форме, председатели всех предметных комиссий — внешние эксперты, в состав предметных и апелляционных комиссий включены представители работодателей, протоколы заседаний приемной комиссии публикуются на сайте Университета.
Открытость для абитуриентов
Постоянными стали мероприятия научно-популярного характера, открытые и бесплатные для всех горожан, независимо от возраста и места работы. Среди них —Фестиваль знаний СПбГУ, который проходит в рамках федерального проекта «Nauka 0+». Это событие рассчитано на самую широкую аудиторию. Его главная цель — понятным и доступным языком рассказывать обществу о том, чем занимаются ученые, как научный поиск улучшает качество жизни и какие перспективы он открывает.
Политика открытости
Сотрудникам
Работодателям
Противодействие коррупции
Перезагрузка
Документы
Виртуальная приемная
Ректорские совещания
Материалы приема граждан
Перезагрузка
Международная деятельность
Международная и профессионально-общественная аккредитация
Эндаумент-фонд СПбГУ
СПбГУ — первый: инновационные практики Университета
Политика открытости касается всех сфер жизни Университета. Это означает, что замещение позиций профессоров, доцентов, преподавателей, ассистентов, выделение средств на  научные исследования осуществляется исключительно
через конкурсные процедуры
. Любая информация — о программах и конкурсах, решениях и документах и даже выпускные квалификационные работы студентов СПбГУ — публикуется на официальном сайте в открытом доступе.
Что такое «Открытый университет»?
Для абитуриентов и их родителей открытость означает, что они могут быть уверены в том, что в СПбГУ поступят самые достойные, самые сильные.
Для студентов — что они получат необходимые знания и станут востребованными специалистами.
Для ученых — что они могут рассчитывать на честные и прозрачные конкурсные процедуры на финансирование научных исследований, в которых побеждают действительно сильнейшие проекты.
Для общества «Открытый университет» означает, что любой человек может легко получить информацию о всесторонней деятельности СПбГУ — все
приказы
,
материалы ректорских совещаний
, заседаний
Ученого совета СПбГУ
и
приемов ректором граждан
находятся в открытом доступе на портале Университета, особое внимание уделяется обратной связи.
С 2011 года работает
«Виртуальная приемная СПбГУ»
, где каждый может задать вопрос любому из проректоров, деканов, начальников управлений, других должностных лиц и получить быстрый и квалифицированный ответ. В «Виртуальной приемной СПбГУ» публикуются ответы на личные запросы граждан и обращения и организаций (письменные и электронные), представляющие общественный интерес. На вопрос отвечает тот сотрудник Университета, в компетенцию которого входит решение заданного вопроса. Опубликованная информация доступна всем. Ежедневно материалы Виртуальной приемной читают более 10 тысяч человек.
Информация на странице была полезна?
Присоединяйтесь к нам в соцсетях
Поступающим
Студентам
Сотрудникам
Партнерам
Поступающим
Приемная комиссия
Образовательные программы
Дополнительное образование
Подготовка к ЕГЭ
Онлайн-школа СПбГУ
Олимпиада школьников
Дни открытых дверей
Профориентация школьников
Подготовительные курсы
Прием иностранцев
Личный кабинет поступающего
Целевое обучение
Студентам
Обучение
Расписание
Центр карьер СПбГУ
Олимпиада для студентов
Академическая мобильность
Стипендии
Библиотека
Общежития
Спорт
Отдых
Студенческий совет
Blackboard
Личный кабинет обучающегося
Сотрудникам
Работа в СПбГУ
Ректорские совещания
Ученый совет
Научный парк
Перезагрузка
Виртуальная приемная
Прием граждан
Библиотека
Система Pure
Патенты и трансфер технологий
Общественные организации
Партнерам
Научный парк
Работодателям
Экспертный университет
Разработка онлайн-курсов
Эндаумент-фонд
Клиники
Лаборатории и центры
Центр технологий распределенных реестров
Центр прикладной социологии
Центр медиации
Центр языкового тестирования
Выпускникам
Реквизиты СПбГУ
Консультации и сервисы:
Виртуальная приемная
Бесплатная юридическая помощь
Бесплатная психологическая помощь
Центр финансовой грамотности
Центр переводов
Служба медиации
Электронные сервисы
Общественное обсуждение
Репозиторий СПбГУ
Книги СПбГУ
Сувениры СПбГУ
Платежный сервис
RSS
MAX
ВКонтакте
Rutube
Минобрнауки РФ
Минпросвещения РФ
Российское общество «Знание»
Диалог Россия — Республика Корея
Петербургский диалог
Нажимая на кнопку «подписаться», вы даете согласие на
обработку своих персональных данных
.
© Санкт-Петербургский государственный университет, 2026
199034, Россия, Санкт-Петербург, Университетская набережная, д. 7–9
Сведения об образовательной организации
Противодействие коррупции
Реквизиты СПбГУ
Контакты
Сделано Deasign в сотрудничестве с СПбГУ
На данном информационном ресурсе могут быть опубликованы архивные материалы с упоминанием физических и юридических лиц, включенных Министерством юстиции Российской Федерации в реестр иностранных агентов, а также организаций, признанных экстремистскими и запрещенных на территории Российской Федерации.
Весь сайт
В новостях и событиях
В документах
Олимпиада школьников
Приемная комиссия СПбГУ
Образовательные программы
Виртуальная приемная
Подразделения и руководство
Документы
Контакты
Этот сайт использует cookies для сбора статистики и анализа работы сайта. Просим согласиться на сбор и обработку ваших метаданных или отключить cookies в настройках браузера.",https://spbu.ru/; https://spbu.ru/openuniversity; https://spbu.ru/sveden; https://spbu.ru/openuniversity/politika-otkrytosti; https://spbu.ru/openuniversity/documents; https://spbu.ru/openuniversity/documents/52; https://spbu.ru/openuniversity/documents/51; https://spbu.ru/openuniversity/perezagruzka; https://spbu.ru/rabota-v-spbgu; https://spbu.ru/openuniversity/protivodeystvie-korrupcii; https://spbu.ru/universitet-pomogaet-v-usloviyakh-specialnoy-voennoy-operacii; https://spbu.ru/universitet/sotrudnikam; https://spbu.ru/vypusknikam; https://spbu.ru/rabotodatelyam; https://spbu.ru/postupayushchim; https://spbu.ru/postupayushchim/programms; https://spbu.ru/postupayushchim/programms/dopolnitelnyeprogrammy; https://spbu.ru/postupayushchim/calendar; https://spbu.ru/postupayushchim/podgotovka-k-ege; https://spbu.ru/universitet/onlayn-kursy-spbgu; https://spbu.ru/studentam; https://spbu.ru/studentam/centr-karer-spbgu; https://spbu.ru/studentam/praktika-po-modeli-kliniki-v-spbgu; https://spbu.ru/studentam/studencheskiy-sovet; https://spbu.ru/studentam/studencheskiy-kampus; https://spbu.ru/studentam/studencheskie-iniciativy; https://spbu.ru/studentam/inostrannym-studentam; https://spbu.ru/studentam/medicinskaya-pomosch; https://spbu.ru/studentam/socialnaya-zaschita; https://spbu.ru/studentam/otdykh; https://spbu.ru/studentam/sport-i-zdorovyy-obraz-zhizni; https://spbu.ru/studentam/zelenyy-universitet; https://spbu.ru/studentam/voinskiy-uchet; https://spbu.ru/partneram; https://spbu.ru/partneram/kriptoveche; https://spbu.ru/partneram/mpa; https://spbu.ru/partneram/research-ims-20; https://spbu.ru/partneram/setevye-programmy-spbgu; https://spbu.ru/posetitelyam; https://spbu.ru/contacts; https://spbu.ru/universitet; https://spbu.ru/history; https://spbu.ru/universitet/universitet-v-licakh; https://spbu.ru/universitet/virtualnye-ekskursii-po-universitetu; https://spbu.ru/rector; https://spbu.ru/universitet/podrazdeleniya-i-rukovodstvo; https://spbu.ru/universitet/uchebno-nauchnye-podrazdeleniya; https://spbu.ru/universitet/popechitelskiy-sovet; https://spbu.ru/universitet/muzei-i-kollekcii-spbgu; https://spbu.ru/universitet/partnery; https://spbu.ru/universitet/klinika-spbgu; https://spbu.ru/universitet/mezhdunarodnaya-deyatelnost; https://spbu.ru/universitet/endaument-fond-spbgu; https://spbu.ru/universitet/podrazdeleniya-i-rukovodstvo/uchenye-sovety/uchenyy-sovet-spbgu; https://spbu.ru/universitet/obedinennyy-arkhiv; https://spbu.ru/universitet/spbgu-cifrovoy-universitet; https://spbu.ru/education; https://spbu.ru/education/dopolnitelnoe-obrazovanie-v-spbgu; https://spbu.ru/education/centr-inklyuzivnogo-obrazovaniya; https://spbu.ru/postupayushchim/programms/bakalavriat; https://spbu.ru/nauka/laboratorii-i-centry/centr-monitoringa-kachestva-obrazovaniya-spbgu; https://spbu.ru/education/onlayn-kursy-spbgu; https://spbu.ru/nauka; https://spbu.ru/topics/1995; https://spbu.ru/nauka/nauchnyy-park; https://spbu.ru/nauka/laboratorii-i-centry; https://spbu.ru/nauka/uchenye-stepeni-v-spbgu; https://spbu.ru/nauka/nauchnaya-biblioteka-imeni-m-gorkogo; https://spbu.ru/nauka/oborudovanie-spbgu; https://spbu.ru/nauka/nauchnye-zhurnaly-spbgu; https://spbu.ru/nauka/pobediteli-konkursa-megagrantov; https://spbu.ru/nauka/nacionalnyy-proekt-nauka-i-universitety; https://spbu.ru/nauka/teologiya-v-spbgu; https://spbu.ru/nauka/arkticheskie-proekty-spbgu; https://spbu.ru/ekspertnyy-universitet; https://spbu.ru/ekspertnyy-universitet/centr-ekspertiz; https://spbu.ru/ekspertnyy-universitet/centr-prikladnoy-sociologii; https://spbu.ru/ekspertnyy-universitet/centr-mediacii-spbgu; https://spbu.ru/ekspertnyy-universitet/katalog-issledovaniy; https://spbu.ru/ekspertnyy-universitet/ekspertnye-zaklyucheniya; https://spbu.ru/ekspertnyy-universitet/ekspertiza-nauchnyh-rabot; https://spbu.ru/ekspertnyy-universitet/otzyvy-recenzii-i-rekomendatelnye-pisma; https://spbu.ru/ekspertnyy-universitet/mezhdisciplinarnyy-centr-issledovaniy-kontrolno-nadzornoy-deyatelnosti-v; https://spbu.ru/ekspertnyy-universitet/besplatnaya-pomoshch; https://spbu.ru/news-events; https://spbu.ru/mezhdunarodnaya-deyatelnost; https://spbu.ru/sveden/kachestvo-obrazovaniya; https://spbu.ru/openuniversity/postupayushchim; https://spbu.ru/spbgu-pervyy-innovacionnye-praktiki-universiteta; https://spbu.ru/sveden/document; https://spbu.ru/oficialnye-kanaly-spbgu; https://spbu.ru/postupayushchim/programms/dopolnitelnyeprogrammy?field=&audience=3491&type=&eduform=&op=%D0%9D%D0%90%D0%99%D0%A2%D0%98%20%D0%9F%D0%A0%D0%9E%D0%93%D0%A0%D0%90%D0%9C%D0%9C%D0%AB; https://spbu.ru/studentam/obuchenie; https://spbu.ru/studentam/centr-karery-spbgu; https://spbu.ru/universitet/podrazdeleniya-i-rukovodstvo/uchenye-sovety; https://spbu.ru/obshchestvennye-organizacii; https://spbu.ru/openuniversity/rabotodatelyam; https://spbu.ru/openuniversity/documents/rekvizity-spbgu; https://spbu.ru/studentam/praktika/praktika-po-modeli-kliniki-v-spbgu/socialnyy-centr-perevodov; https://spbu.ru/studentam/praktika/praktika-po-modeli-kliniki-v-spbgu/konfliktologicheskaya-klinika-sluzhba-mediacii; https://spbu.ru/news-events.xml; https://spbu.ru/universitet/regionalnoe-otdelenie-rossiyskogo-obschestva-znanie; https://spbu.ru/openuniversity/documents/soglasie-na-obrabotku-personalnykh-dannykh,http://guestbook.spbu.ru/; http://forum.spbu.ru/; http://abiturient.spbu.ru/; https://abiturient.spbu.ru/page-tselevoe-obuchenie-/; http://english.spbu.ru/; http://chinese.spbu.ru/; https://store.spbu.ru/; https://publishing.spbu.ru/; http://hr.spbu.ru/; https://max.ru/spbuniversity1724?from=site; https://vk.com/spb1724?from=site; https://rutube.ru/channel/24725063/videos/?from=site; https://max.ru/id7801002274_gos9; https://teragerz.mave.digital/; https://abiturient.spbu.ru/; https://abiturient.spbu.ru/programs/onlayn-shkola-spbgu/; http://olympiada.spbu.ru/; https://abiturient.spbu.ru/info/general-info/dni-otkrytykh-dverey/; https://abiturient.spbu.ru/reception-foreign; https://abiturient.spbu.ru/page-lichnyy-kabinet/; http://timetable.spbu.ru/; http://psrs.spbu.ru/; https://ifea.spbu.ru/%D1%81%D1%82%D1%83%D0%B4%D0%B5%D0%BD%D1%82%D0%B0%D0%BC-%D1%81%D0%BF%D0%B1%D0%B3%D1%83; https://uosd.spbu.ru/; http://bb.spbu.ru/; http://my.spbu.ru/; http://www.library.spbu.ru/; https://research.spbu.ru/ru/; http://unipat.spbu.ru/; https://dltc.spbu.ru/; https://testingcenter.spbu.ru/ru/; http://www.psy.spbu.ru/department/psychcentre/sluzhba; http://www.econ.spbu.ru/ru/nauka/nauchnye-centry/centr-finansovoy-gramotnosti-0; http://abc.spbu.ru/; https://dspace.spbu.ru/; https://pay.spbu.ru/; https://max.ru/spbuniversity1724?from=fsite; https://vk.com/spb1724?from=fsite; https://rutube.ru/channel/24725063/videos/?from=fsite; https://minobrnauki.gov.ru/; https://edu.gov.ru/; http://drrk.ru/; http://petersburger-dialog.ru/; http://deasign.ru/; https://olympiada.spbu.ru/,103,45,148,
https://spbu.ru/sveden,200,Основные сведения | Санкт-Петербургский государственный университет,1,"Основные сведения | Санкт-Петербургский государственный университет
Открытый университет
Сведения об образовательной организации
Политика открытости
Документы
Виртуальная приемная
Ректорские совещания
Материалы приема граждан
Перезагрузка
Работа в СПбГУ
Общественное обсуждение
Противодействие коррупции
Университет помогает в условиях специальной военной операции
Сотрудникам
Выпускникам
Работодателям
Поступающим
Приемная комиссия
Образовательные программы
Дополнительное образование
Календарь приема
Подготовка к ЕГЭ
Онлайн-курсы СПбГУ
Целевое обучение
Студентам
Центр карьер
Клиники СПбГУ
Студенческий совет
Студенческий кампус
Студенческие инициативы
Иностранным студентам
Медицинская помощь
Социальная защита
Отдых
Спорт и здоровый образ жизни
«Зеленый университет»
Воинский учет
Выпускникам
Партнерам
Криптовече
Многофункциональный платежный ассистент
Research IMS 2.0
Разработка онлайн-курсов
Сетевые программы
Посетителям
Контакты
EN
中文
Университет
История университета
Университет в лицах
Виртуальные экскурсии
Ректор СПбГУ
Подразделения и руководство
Учебно-научные подразделения
Попечительский совет
Музеи и коллекции СПбГУ
Партнеры
Клиника высоких медицинских технологий
Международная деятельность
Эндаумент-фонд
Ученый совет
Сувенирная продукция
Издательство СПбГУ
Объединенный архив СПбГУ
СПбГУ — цифровой университет
Наш университет
Образование
Дополнительное образование
Поступление в 2026 году
Центр инклюзивного образования
Образовательные программы
Приемная комиссия
Сведения об образовательной организации
Центр мониторинга качества образования
Онлайн-курсы СПбГУ
Клиники СПбГУ
Подробнее
Наука
Новости науки
Научный парк
Лаборатории и центры
Ученые степени в СПбГУ
Научная библиотека
Оборудование
Научные журналы
Победители конкурса мегагрантов
Наука и университеты
Теология в СПбГУ
Арктические проекты
Научный университет
Экспертиза
Центр экспертиз
Центр прикладной социологии
Центр медиации
Каталог исследований
Экспертные заключения
Экспертиза научных работ
Отзывы и рецензии
Центр исследований контрольно-надзорной деятельности
Бесплатная помощь
Экспертный университет
Новости и события
Контакты
Сведения об образовательной организации
Основные сведения
Структура и органы управления образовательной организацией
Документы
Образование
Образовательные стандарты и требования
Руководство
Педагогический состав
Материально-техническое обеспечение и оснащенность образовательного процесса. Доступная среда
Стипендии и иные виды материальной поддержки
Платные образовательные услуги
Финансово-хозяйственная деятельность
Вакантные места для приема (перевода)
Международное сотрудничество
Организация питания в образовательной организации
Абитуриенту
Сведения о трудоустройстве и адаптации выпускников
Система обеспечения качества образования
Аккредитация специалистов
Независимая оценка качества условий осуществления образовательной деятельности
Обратная связь
Планируемые к лицензированию образовательные программы (филиал СПбГУ в г. Гатчине)
Сведения об образовательной организации
Основные сведения
Основные сведения
Структура и органы управления образовательной организацией
Документы
Образование
Образовательные стандарты и требования
Руководство
Педагогический состав
Материально-техническое обеспечение и оснащенность образовательного процесса. Доступная среда
Стипендии и иные виды материальной поддержки
Платные образовательные услуги
Финансово-хозяйственная деятельность
Вакантные места для приема (перевода)
Международное сотрудничество
Организация питания в образовательной организации
Абитуриенту
Сведения о трудоустройстве и адаптации выпускников
Система обеспечения качества образования
Аккредитация специалистов
Независимая оценка качества условий осуществления образовательной деятельности
Обратная связь
Планируемые к лицензированию образовательные программы (филиал СПбГУ в г. Гатчине)
Полное наименование образовательной организации
Федеральное государственное бюджетное образовательное учреждение высшего образования «Санкт-Петербургский государственный университет»
Сокращенные наименования образовательной организации
Санкт-Петербургский государственный университет, Санкт-Петербургский университет, СПбГУ
Дата создания образовательной организации
Санкт-Петербургский государственный университет учрежден указом Петра I от 22 января 1724 года, введенным в действие указом Правительствующего Сената от 28 января 1724 года.
Учредитель образовательной организации
Учредителем и собственником имущества Санкт-Петербургского государственного университета является
Российская Федерация
. Функции и полномочия учредителя от имени Российской Федерации выполняет
Правительство Российской Федерации
.
Адрес местонахождения образовательной организации
Россия, 199034, Санкт-Петербург, Университетская наб., д. 7–9
Филиалы образовательной организации
Имеются
Представительства образовательной организации
Имеются
Режим, график работы
Пн-пт — 8:00–22:00
Сб — 8:00–18:00
Вс — выходной
Подробнее о трудовом распорядке СПбГУ
Контактные телефоны
+7 (812) 325–87–36 (факс)
Адреса электронной почты
spbu@spbu.ru
Наименование учредителя
Адрес местонахождения учредителя(ей)
Контактные телефоны
Адрес электронной почты
Адрес сайта учредителя(ей) в сети «Интернет»
Правительство Российской Федерации
Россия, 103274, Москва, Краснопресненская наб., д. 2
+7-800-200-84-42
http://services.government.ru/letters/
http://government.ru
Лицензия на осуществление образовательной деятельности с приложениями
Лицензия на осуществление образовательной деятельности
Приложение № 1.2 к Лицензии на осуществление образовательной деятельности
Приложение № 1.3 к Лицензии на осуществление образовательной деятельности
Приложение № 1.7 к Лицензии на осуществление образовательной деятельности
Информация из сводного реестра лицензий
Свидетельство о государственной аккредитации с приложениями
Выписка из государственной информационной системы «Реестр организаций, осуществляющих образовательную деятельность по имеющим государственную аккредитацию образовательным программам» (по состоянию на «11» марта 2026)
Информация из государственной информационной системы «Реестр организаций, осуществляющих образовательную деятельность по имеющим государственную аккредитацию образовательным программам»
Свидетельство о государственной аккредитации
Приложение № 1 к свидетельству о государственной аккредитации
Свидетельство о государственной аккредитации по основным общеобразовательным программам
Приложение № 1 к свидетельству о государственной аккредитации по основным образовательным программам
Контактная информация
199034, Россия, Санкт-Петербург, Университетская наб., д. 7–9
Тел:
+7 (812) 328–20–00
Электронная почта:
spbu@spbu.ru
Cайт:
http://spbu.ru
Обращения граждан направляются на адрес:
spbu@spbu.ru
Переключить сайт на версию для слабовидящих можно нажав на кнопку
«Версия для слабовидящих»
внизу каждой страницы.
Места осуществления образовательной деятельности, в том числе не указываемые в приложении к лицензии на осуществление образовательной деятельности
Включая места осуществления образовательной деятельности по дополнительным профессиональным программам, проведения государственной итоговой аттестации, осуществления образовательной деятельности при использовании сетевой формы реализации образовательных программ
№
Адрес места осуществления образовательной деятельности
1
190000, г. Санкт-Петербург, Английская набережная, дом 68, литера А;
2
190000, г. Санкт-Петербург, Большая Морская улица, дом 47, литера А, помещение 2-Н;
3
190000, г. Санкт-Петербург, Галерная улица, дом 58-60, литера А;
4
191015, г. Санкт-Петербург, Таврическая улица, дом 21-23-25, литера А;
5
191123, г. Санкт-Петербург, улица Радищева, дом 39, литера Д, помещение 1-Н;
6
191123, г. Санкт-Петербург, улица Чайковского, дом 28, литера А;
7
191123, г. Санкт-Петербург, улица Чайковского, дом 62, литера А;
8
193015, г. Санкт-Петербург, ул. Очаковская, д.9, литера А, пом. 1-Н;
9
193015, г. Санкт-Петербург, ул. Очаковская, д.9, литера А, пом. 4-Н;
10
193124, г. Санкт-Петербург, Смольный проезд, дом 1, литера Б, помещение 34-Н (подъезд №7);
11
193124, г. Санкт-Петербург, Смольный проезд, дом 1, литера Б, пом.1-Н, 25-Н, 30-Н, 31-Н, 32-Н, Л-15 (подъезд №9);
12
193124, г. Санкт-Петербург, Смольный проезд, дом 1, литера Б, пом. 39-Н, 40-Н, 41-Н, 42-Н, 43-Н, 44-Н, Л-13, Л-14 (подъезд №8);
13
198005, г. Санкт-Петербург, Измайловский проспект, дом 27, литера А;
14
198005, г. Санкт-Петербург, Измайловский проспект, дом 27, литера Б;
15
198005, г. Санкт-Петербург, Измайловский проспект, дом 27, литера В;
16
198504, г. Санкт-Петербург, город Петергоф, Университетский проспект, дом 26, литера А;
17
198504, г. Санкт-Петербург, город Петергоф, Университетский проспект, дом 28, литера Д;
18
198504, г. Санкт-Петербург, город Петергоф, Университетский проспект, дом 28, литера А;
19
198504, г. Санкт-Петербург, город Петергоф, Университетский проспект, дом 28, литера Б;
20
198504, г. Санкт-Петербург, город Петергоф, Университетский проспект, дом 28, литера В;
21
198504, г. Санкт-Петербург, город Петергоф, Университетский проспект, дом 28, литера З;
22
198504, г. Санкт-Петербург, город Петергоф, Университетский проспект, дом 28, литера И;
23
198504, г. Санкт-Петербург, город Петергоф, Университетский проспект, дом 35, литера А;
24
198504, г. Санкт-Петербург, город Петергоф, Университетский проспект, дом 35, литера Б;
25
198504, г. Санкт-Петербург, город Петергоф, Университетский проспект, дом 35, литера В;
26
198510, г. Санкт-Петербург, город Петергоф, Собственный проспект, дом 1, литера А;
27
198510, г. Санкт-Петербург, город Петергоф, Ульяновская улица, дом 1, литера А;
28
198510, г. Санкт-Петербург, город Петергоф, Ульяновская улица, дом 3, литера А;
29
198510, г. Санкт-Петербург, город Петергоф, Ульяновская улица, дом 5, литера А;
30
198510, г. Санкт-Петербург, город Петергоф, Ульяновская улица, дом 7, литера А;
31
198510, г. Санкт-Петербург, город Петергоф, Ульяновская улица, дом 7, литера Б;
32
198510, г. Санкт-Петербург, город Петергоф, Ульяновская улица, дом 7, литера В;
33
199004, г. Санкт-Петербург, линия 1-я В.О., д. 26, литера А, пом. 4-Н;
34
199004, г. Санкт-Петербург, линия 1-я В.О., д. 26, литера А, пом. 5-Н;
35
199004, г. Санкт-Петербург, 1-я линия В.О., дом 26, литера А, помещение 12-Н, 13-Н, 14-Н, 15-Н, 16-Н, 17-Н, 18-Н, 19-Н, 21-Н, 22-Н, 23-Н, 24-Н, 25-Н, 26-Н, 27-Н, 28-Н;
36
199004, г. Санкт-Петербург, линия 6-я В.О., д.11, литера Д, пом.1-Н;
37
199004, г. Санкт-Петербург, 6-я линия В.О., дом 15, литера А;
38
199004, г. Санкт-Петербург, Волховский переулок, дом 3, литера А;
39
199004, г. Санкт-Петербург, Средний проспект В.О., д.41, литера А;
40
199034, г. Санкт-Петербург, 9-я линия В.О., д.2/11, литера А, пом. 11-Н, 12-Н, 13-Н, 14-Н, 15-Н, 16-Н, 17-Н, 18-Н, 19-Н, 20-Н, 21-Н;
41
199034, г. Санкт-Петербург, Кадетская линия В.О., дом 1-3, литера А;
42
199034, г. Санкт-Петербург, Кадетская линия В.О., дом 1-3, литера Д;
43
199034, г. Санкт-Петербург, набережная Макарова, дом 6, литера А, пом. 5-Н, 6-Н, 7-Н, 8-Н, 9-Н, 10-Н, 12-Н, 14-Н;
44
199034, г. Санкт-Петербург, Менделеевская линия, дом 5, литера А;
45
199034, г. Санкт-Петербург, Университетская набережная, дом 7-9-11, литера А;
46
199034, г. Санкт-Петербург, Университетская набережная, дом 7-9-11, литера АЕ;
47
199034, г. Санкт-Петербург, Университетская набережная, дом 7-9-11, литера АЖ;
48
199034, г. Санкт-Петербург, Университетская набережная, дом 7-9-11, литера АЗ;
49
199034, г. Санкт-Петербург, Университетская набережная, дом 7-9-11, литера АК;
50
199034, г. Санкт-Петербург, Университетская набережная, дом 7-9-11, литера АЯ;
51
199034, г. Санкт-Петербург, Университетская набережная, дом 7-9-11, литера БВ;
52
199034, г. Санкт-Петербург, Университетская набережная, дом 7-9-11, литера БО;
53
199034, г. Санкт-Петербург, Университетская набережная, дом 7-9-11, литера В;
54
199034, г. Санкт-Петербург, Университетская набережная, дом 7-9-11, литера Ж;
55
199034, г. Санкт-Петербург, Университетская набережная, дом 7-9-11, литера Л;
56
199034, г. Санкт-Петербург, Университетская набережная, дом 7-9-11, литера О;
57
199034, г. Санкт-Петербург, Университетская набережная, дом 7-9-11, литера Р;
58
199034, г. Санкт-Петербург, Университетская набережная, дом 7-9-11, литера СО;
59
199034, г. Санкт-Петербург, Университетская набережная, дом 7-9-11, литера Т;
60
199034, г. Санкт-Петербург, Университетская набережная, дом 7-9-11, литера Ц, пом. 1-Н, 2-Н, 3-Н, 4-Н, 5-Н, 7-Н, 11-Н, 12-Н;
61
199034, г. Санкт-Петербург, Университетская набережная, дом 7-9-11, литера Ц, пом. 10-Н;
62
199034, г. Санкт-Петербург, Университетская набережная, дом 7-9-11, литера Ш;
63
199034, г. Санкт-Петербург, Филологический переулок, дом 3, литера П;
64
199105, г. Санкт-Петербург, 22-я линия В.О., дом 7, литера А;
65
199106, г. Санкт-Петербург, 21-я линия В.О., дом 8а, литера А;
66
199106, г. Санкт-Петербург, 23-я линия В.О., дом 26, литера А;
67
199106, г. Санкт-Петербург, Большой проспект В.О., дом 71, литера А;
68
199106, г. Санкт-Петербург, Большой проспект В.О., дом 85, литера К;
69
199155, г. Санкт-Петербург, переулок Декабристов, дом 16, литера А;
70
199155, г. Санкт-Петербург, переулок Каховского, дом 9, литера А;
71
199178, г. Санкт-Петербург, 10-я линия В.О., дом 31-33, литера А;
72
199178, г. Санкт-Петербург, 10-я линия В.О., дом 49, литера А;
73
199178, г. Санкт-Петербург, 14-я линия В.О., дом 29, литера А, помещение 1-Н, 5-Н, 11-Н;
74
199178, г. Санкт-Петербург, 16-я линия В.О., дом 29, литера А;
75
199178, г. Санкт-Петербург, Камская улица, дом 16а, литера А
76
198510, г. Санкт-Петербург, город Петергоф, Ботаническая улица, дом 17, литера А;
77
198510, г. Санкт-Петербург, город Петергоф, Санкт-Петербургское шоссе, дом 109, литера А;
78
190103, г. Санкт-Петербург, набережная реки Фонтанки, дом 154, литера А;
79
190103, г. Санкт-Петербург, набережная реки Фонтанки, дом 154, литера Б;
80
190103, г. Санкт-Петербург, набережная реки Фонтанки, дом 154, литера Г;
81
190020, г. Санкт-Петербург, улица Циолковского, дом 3, литера А;
82
199004, г. Санкт-Петербург, Кадетская линия В.О., дом 13-15, литера А
О местах осуществления образовательной деятельности при использовании сетевой формы реализации образовательных программ
№ п/п
Адрес места осуществления образовательной деятельности
1
199034, Санкт-Петербург, Университетская наб., д. 7/9
Места осуществления образовательной деятельности по дополнительным образовательным программам
№ п/п
Адрес
Лицензия / Договор
1
190103, Санкт-Петербург, наб. реки Фонтанки, д. 154,  лит. А
включен в лицензию
2
190103, Санкт-Петербург, наб. реки Фонтанки, д. 154, лит.Г
включен в лицензию
3
190000, г. Санкт-Петербург, Галерная ул., дом 58-60, лит. А;
включен в лицензию
4
191015, г. Санкт-Петербург, ул. Таврическая, д. 21-23-25, лит. А
включен в лицензию
5
193124, г. Санкт-Петербург, Смольный проезд, дом 1, лит. Б (подъезд №7)
включен в лицензию
6
193124, г. Санкт-Петербург, Смольный проезд, дом 1, лит. Б (подъезд №8)
включен в лицензию
7
193124, г. Санкт-Петербург, Смольный проезд, дом 1, лит. Б (подъезд №8)
включен в лицензию
8
191123, г. Санкт-Петербург, ул. Радищева, д. 39Д
включен в лицензию
9
191123, г. Санкт-Петербург, ул. Чайковского, д. 62, лит. А
включен в лицензию
10
197022, Санкт-Петербург, ул. Академика Павлова, д. 9
договор о сотрудничестве от 17.12.2012 № 80-5-134
11
197706, Санкт-Петербург, г.Сестрорецк, ул. Борисова, 9, лит.Б
договор о совместной деятельности от 01.12.2010 № 122-5-6, включая доп.соглашение
12
198504, г. Санкт-Петербург, г. Петергоф, Ботаническая ул., д. 17, лит. А
включен в лицензию
13
198504, г. Санкт-Петербург, г. Петергоф, Ульяновская ул., д.1, лит. А
включен в лицензию
14
198504, г. Санкт-Петербург, г. Петергоф, Университетский проспект, д. 26, лит. А
включен в лицензию
15
198504, г. Санкт-Петербург, г. Петергоф, Университетский проспект, д. 35, лит. А
включен в лицензию
16
198510, г. Санкт-Петербург, город Петергоф, Санкт-Петербургское шоссе, дом 109, лит. А
включен в лицензию
17
199004, г. Санкт-Петербург,  6-я линия В.О., д.15, лит. А
включен в лицензию
18
199004, г. Санкт-Петербург,  Волховский пер., д. 3, лит. А
включен в лицензию
19
199004, г. Санкт-Петербург, 1-я линия В.О., д. 26
включен в лицензию
20
199004, г. Санкт-Петербург, Средний проспект В.О., д. 41, лит. А
включен в лицензию
21
199034, г. Санкт-Петербург, Университетская набережная, дом 7-9-11, лит. Ж
включен в лицензию
22
199034, г. Санкт-Петербург, Университетская набережная, дом 7-9-11, лит. Л
включен в лицензию
23
199034, г. Санкт-Петербург, 9-я линия В.О., д.2/11, лит. А
включен в лицензию
24
199034, Санкт-Петербург, Менделеевская линия, д.3
договор о сотрудничестве с ФГБНУ «НИИ АГИР имени Д.О. Отта» от 30.06.2014 № 80-5-154
25
199034, г. Санкт-Петербург, Менделеевская линия, д.5, лит. А
включен в лицензию
26
199034, г. Санкт-Петербург, наб. Макарова, д.6, лит. А
включен в лицензию
27
199105, г. Санкт-Петербург, 22-я линия В.О., д.7, лит. А
включен в лицензию
28
199155, г. Санкт-Петербург,  пер. Декабристов, д.16, лит. А
включен в лицензию
29
199178, г. Санкт-Петербург, 10-я линия В.О., дом 31-33, лит. А
включен в лицензию
30
199178, г. Санкт-Петербург, 10-я линия В.О., дом 49, лит. А;
включен в лицензию
31
194214, Санкт-Петербург, Выборгское шоссе, д. 22А, лит.А, конференц зал
договор о сотрудничестве с НАО «Институт кардиологической техники» (ИНКАРТ) от 14.08.2015 № 80‑5‑12
Места проведения практической подготовки обучающихся
№
Адрес места осуществления образовательной деятельности
Наименование объекта
Назначение объекта
Документ
1
190002, Санкт-Петербург, наб.реки Фонтанки, д.148
СПб ГБУЗ «Городской гериатрический медико-социальный центр»
место проведения практической подготовки
Договор № П-468 (05/1/37/П-468) от от 10.11.2021
2
194017, Санкт-Петербург, Фермское шоссе, д.36
ГУЗ «Городская психиатрическая больница № 3 им. Скворцова-Степанова»
место проведения практической подготовки
Договор № 80-5-217 от 01.12.2014
3
197198, Санкт-Петербург, Татарский пер., д. 16
СПб ГБУЗ «Психоневрологический диспансер  № 3»
место проведения практической подготовки
Договор № 80-5-114 от 20.01.2014
4
195009, Санкт-Петербург, ул. Комсомола, д. 6
ЛОГБУЗ «Детская клиническая больница»
место проведения практической подготовки
Договор № П-416 (05/1/37/П-416) от 29.10.2021
5
196247, Санкт-Петербург, ул.Костюшко, д.2
ГУЗ «Городская больница № 26»
место проведения практической подготовки
Договор № б/н от 18.11.2008
6
199004, Санкт-Петербург, 4-я линия В.О., д. 23-25
СПб ГУЗ «Городская наркологическая больница»
место проведения практической подготовки
Договор № 17 от 29.09.2008
7
194354, Санкт-Петербург, ул. Сикейроса, д. 10
СПб ГБУЗ «Городской консультативно-диагностический центр № 1»
место проведения практической подготовки
Договор  № 80-5-8 от 15.02.2016
8
197701, Санкт-Петербург, Сестрорецк, ул. Борисова, д.9, лит.Б
СПб ГУЗ «Городская больница № 40»
место проведения практической подготовки
Договор № 122-5-6 от 01.12.2010
9
192019, Санкт-Петербург, ул. Бехтерева, д.3
ФГУ «Санкт-Петербургский научно-исследовательский психоневрологический институт им. В.М. Бехтерева»
место проведения практической подготовки
Договор № 80-5-20 от 26.05.2011
10
197758, Санкт-Петербург, пос.Песочный, ул.Ленинградская, д.68 а, литера А
ГБУЗ «Санкт-Петербургский клинический научно-практический центр специализированных видов медицинской помощи (онкологический)»
место проведения практической подготовки
Договор № 80-5-1 от 29.01.2014
11
191144, Санкт-Петербург, ул.Старорусская, 3, литер А, Б, В, Г, З, И, К
СПб ГУЗ «Больница № 46 Святой Евгении – лечебно-диагностический, реабилитационный и научный центр для жителей блокадного Ленинграда»
место проведения практической подготовки
Договор № 80-5-135 от 18.12.2012
12
195427, Санкт-Петербург, ул.Академика Байкова, д.8
ФГБУ «Российский ордена Трудового Красного знамени НИИ травматологии и ортопедии имени Р.Р.Вредена» (РНИИТО)
место проведения практической подготовки
Договор от 04.04.2012 № 80-5-40
13
188330, Ленинградская область, Гатчинский район, п.Дружноселье, ул.ДПБ, д.3
ГКУЗ «Дружносельская психиатрическая больница»
место проведения практической подготовки
Договор № 80-5-114 от 23.12.2013
14
195176, Санкт-Петербург, ш. Революции, д. 17
СПб ГУЗ «Психоневрологический диспансер № 5»
место проведения практической подготовки
Договор № 80-5-24 от 05.06.2013
15
190103, Санкт-Петербург, наб. Обводного канала, д.179, Бумажная ул., д.12
СПб ГБУЗ «Центр по профилактике и борьбе со СПИД и инфекционными заболеваниями»
место проведения практической подготовки
Договор № 80-5-67 от 20.08.2013
16
191024, Санкт-Петербург, ул. Дегтярная, д.1, лит. А
ЧОУ ДПО «Институт остеопатии»
место проведения практической подготовки
Договор № 80-5-16 от 29.05.2013
17
196657, Санкт-Петербург, Колпино, ул. Машиностроителей, д. 10
СПб ГБУЗ «Городская поликлиника № 95»
место проведения практической подготовки
Договор № 80-5-34 от 08.07.2013
18
192289, г. Санкт-Петербург, ул. Олеко Дундича, д.36, корп.2
СПб ГБУЗ «Консультативно-диагностический центр для детей»
место проведения практической подготовки
Договор № 80-5-99 от 19.08.2013
19
197758, г. Санкт-Петербург, п. Песочный, ул. Ленинградская, д.70
ФГБУ «Российский научный центр радиологии и хирургических технологий» Минздрава России
место проведения практической подготовки
Договор № 80-5-100 от 19.08.2013
20
192242, Санкт-Петербург, ул. Будапештская, д. 3, лит. А
ГБУ «Санкт-Петрбургский Научно-Исследовательский Институт Скорой Помощи Имени И.И.Джанелидзе»
место проведения практической подготовки
Договор № П-469 (05/1/37/П-469) от 08.10.2021
21
195271, Санкт-Петербург, пр-т Мечникова, д. 27
ЧУЗ КБ «РЖД-Медицина»
место проведения практической подготовки
Договор № 05/1/37/П-102 от 08.06.2021
22
193312, Санкт-Петербург, пр. Солидарности, д. 4
СПб ГБУЗ «Александровская больница»
место проведения практической подготовки
Договор № 80-5-24 от 21.11.2017
23
188640, Ленинградская область, г. Всеволожск, Колтушское шоссе, д. 20
ГБУЗ ЛО «Всеволожская центральнаяклиническая межрайонная больница»
место проведения практической подготовки
Договор № 80-5-110 от 21.11.2012
24
197376, Санкт-Петербург, пр. Академика Павлова, д. 12
ФГБНУ «НИИ Институт экспериментальной медицины» (ФГБНУ «ИЭМ»)
место проведения практической подготовки
Договор № 80-5-40 от 30.08.2013
25
197022, Санкт-Петербург, пр. Академика Павлова, д. 9а
ФГБНУ «НИИ Институт экспериментальной медицины» (ФГБНУ «ИЭМ»)
место проведения практической подготовки
Договор № 80-5-40 от 30.08.2013
26
197371, Санкт-Петербург, пр. Королева, д. 65, лит. А, пом. 73-Н
ООО «Дентал»
место проведения практической подготовки
Договор № 80-5-2 от 15.01.2014
27
199004, Санкт-Петербург, 4-я линия В.О., д. 45
ООО «Первая профессорская клиника «Стоматология-СПб»
место проведения практической подготовки
Договор № 80-5-169 от 11.09.2014
28
192284, Санкт-Петербург, ул. Будапештская, 69, литер А, корп. 1
СПб ГБУЗ «Стоматологическая поликлиника № 29»
место проведения практической подготовки
Договор № 80-5-35 от 06.10.2015
29
191186, Санкт-Петербург, ул. Б.Конюшенная, д. 17, лит. А, пом. 17Н
ООО «МедСоюз»
место проведения практической подготовки
Договор № 80-5-27 от 22.09.2015
30
190005, Санкт-Петербург, ул. 5-я Красноармейская, д. 32, лит. А, пом. 1Н
ООО «Альфа-Дент»
место проведения практической подготовки
Договор от 15.10.15 № 80-5-39
31
194100, Санкт-Петербург, ул. Кантемировская, д.22
ООО Медицинская компания «Неско»
место проведения практической подготовки
Договор № 80-5-47 от 15.10.15
32
197373, Санкт-Петербург, пр. Авиаконструкторов, д. 47
ООО Медицинская компания «Неско»
место проведения практической подготовки
Договор № 80-5-47 от 15.10.15
33
190068, Санкт-Петербург, Вознесенский пр., д. 34, лит. В
СПбГУЗ «Городская детская стоматологическая поликлиника № 6»
место проведения практической подготовки
Договор № 80-5-41 от 15.10.15
34
198302, Санкт-Петербург, ул. Маршала Казакова, д. 14, корп. 3
СПб ГБУЗ «Стоматологическая поликлиника № 20»
место проведения практической подготовки
Договор № 80-5-15 от 09.09.2015
35
194021, Санкт-Петербург, ул.Хлопина д.11, корп.1
СПб ГБУЗ «Городская поликлиника № 76»
место проведения практической подготовки
Договор № 80-5-16 от 12.07.2016
36
198096, Санкт-Петербург, проспект Стачек, д.69, лит. А
ООО холдинговая компания «Интан»
место проведения практической подготовки
Договор № 80-5-18 от 10.06.2016
37
197227, Санкт-Петербург, Комендантский проспект, д.7, кор.1, лит. В, пом.36Н
ООО холдинговая компания «Интан»
место проведения практической подготовки
Договор № 80-5-18 от 10.06.2016
38
191014, Санкт-Петербург, Лиговский пр., д.125, лит. А, пом.1Н
ООО холдинговая компания «Интан»
место проведения практической подготовки
Договор № 80-5-18 от 10.06.2017
39
194291, Санкт-Петербург, пр. Просвещения, д.87, корп.2, лит. А, пом.2Н
ООО холдинговая компания «Интан»
место проведения практической подготовки
Договор № 80-5-18 от 10.06.2018
40
194354, Санкт-Петербург, пр. Луначарского, д.11, корп.3, лит. А, пом.51Н
ООО холдинговая компания «Интан»
место проведения практической подготовки
Договор № 80-5-18 от 10.06.2019
41
193231, Санкт-Петербург, Российский проспект, д.8, литер А, помещение 9Н
ООО холдинговая компания «Интан»
место проведения практической подготовки
Договор № 80-5-18 от 10.06.2020
42
197373, Санкт-Петербург, Комендантский пр., д.42, корп.1, пом.6-Н
ООО холдинговая компания «Интан»
место проведения практической подготовки
Договор № 80-5-18 от 10.06.2021
43
197372, Санкт-Петербург, Богатырский пр., д.51, корп.1, лит. А, пом.42-Н
ООО холдинговая компания «Интан»
место проведения практической подготовки
Договор № 80-5-18 от 10.06.2022
44
188691, Ленинградская область, Всеволожский район, д. Кудрово, ул. Ленинградская д.3, пом.46-Н
ООО холдинговая компания «Интан»
место проведения практической подготовки
Договор № 80-5-18 от 10.06.2023
45
192071, Санкт-Петербург, ул. Бухарестская, д.96, лит. А, пом. 21-Н
ООО холдинговая компания «Интан»
место проведения практической подготовки
Договор № 80-5-18 от 10.06.2024
46
196191, Санкт-Петербург, ул. Варшавская, д. 61, корпус 1, литера А, помещение 24Н
ООО холдинговая компания «Интан»
место проведения практической подготовки
Договор № 80-5-18 от 10.06.2025
47
190031, Санкт-Петербург, Вознесенский проспект, д. 21, лит. А, пом. 1-Н
ООО холдинговая компания «Интан»
место проведения практической подготовки
Договор № 80-5-18 от 10.06.2026
48
191186, Санкт-Петербург, Невский пр., д. 32 -34, офис 17
ООО холдинговая компания «Интан»
место проведения практической подготовки
Договор № 80-5-18 от 10.06.2027
49
196603, Санкт-Петербург, г.Пушкин, ул.Парковая, д.64-68
ФГБУ «Научно-исследовательский детский ортопедический институт имени Г.И. Турнера» Минздрава России
место проведения практической подготовки
Договор № 80-5-4 от 07.04.2017
50
194044, Санкт-Петербург, ул. Академика Лебедева, д.6, литера Ж
ФГБВОУ ВО «Военно-медицинская академия имени С.М. Кирова»
место проведения практической подготовки
Договор № 82 (80-5-6)от 03.08.2017
51
191119, Санкт-Петербург, ул.Разъезжая, д.35, корп А, оф.2Н
ООО «Доступная стоматология»
место проведения практической подготовки
Договор № 80-5-9 от 02.07.2018
52
194064, Санкт-Петербург, Тихорецкий пр-т, д.3, литера «БМ»
ФГКВОУВО «Военная академия связи имени Маршала Советского союза С.М. Буденного»
место проведения практической подготовки
Договор № 13 от 01.03.2019
53
197341, Санкт-Петербург, Фермское шоссе, д. 36, лит. Л, помещение 1
СПб ГКУЗ Городская психиатрическая больница № 3 имени И.И. Скворцова-Степанова
место проведения практической подготовки
Договор №  80-5-217 от 01.12.2014
54
199178, Санкт-Петербург, Малый проспект В.О., д. 55, корп.2, лит.А
ООО «Клиника Одинцова»
место проведения практической подготовки
Договор № 80-5-209 от 11.11.14
55
197374, Санкт-Петербург, ул. Туристская д.22, лит.А
ООО «Клиника Одинцова»
место проведения практической подготовки
Договор № 80-5-209 от 11.11.15
56
194291, Санкт-Петербург, пр. Луначарского, д. 45-49
ГБУЗ «Ленинградская областная клиническая больница»
место проведения практической подготовки
Договор № 80-5-206 от 29.10.2014
57
192148, Санкт-Петербург, пр-т Елизарова, д. 32, лит. А
СПб УЗ «Городская больница № 23»
место проведения практической подготовки
Договор № 80-5-203 от 13.10.2014
58
197341, Санкт-Петербург, ул. Аккуратова, д. 2
ФГБУ «Федеральный медицинский исследовательский центр имени В.А. Алмазова»
место проведения практической подготовки
Договор № 80-5-120 от 25.02.2014
59
193079, Санкт-Петербург, ул. Народная, д. 21, корп.2
СПб ГБУЗ «Госпиталь для ветеранов войн»
место проведения практической подготовки
Договор № 80-5-211 от 14.11.2014
60
197758, Санкт-Петербург, пос. Песочный, ул. Карла Маркса, д. 43, лит.А
ООО «Лечебно-диагностический центр Международного института биологических систем имени Сергея Березина»
место проведения практической подготовки
Договор № 80-5-212 от 20.10.2014
61
191036, Санкт-Петербург, Лиговский пр., д. 2-4
ФГБУ СПб НИИ фтизиопульмонологии Минздрава России
место проведения практической подготовки
Договор № 80-5-115 от 11.02.2014
62
199034, Санкт-Петербург, Менделеевская линия, д. 3
ФГБНУ «Научно-исследовательский институт акушерства, гинекологии и репродуктологии имени Д.О. Отта»
место проведения практической подготовки
Договор № 28-11-5519 от 14.12.2019
63
197110, Санкт-Петербург, пр. Динамо, д. 3, лит. А, пом. № 11
СПб ГБУЗ «Городская клиническая больница № 31»
место проведения практической подготовки
Договор № 01/1-54-767  от 27.04.2023
64
190068, Санкт-Петербург, ул. Большая Подьяческая, д. 30
СПб ГБУЗ ""Клиническая ревматологическая больница № 25""
место проведения практической подготовки
Договор № 80-5-6 от 06.04.2015
65
194214, Санкт-Петербург, Выборгское шоссе, д. 22-а
НАО «Институт кардиологической техники»
место проведения практической подготовки
Договор № 80-5-12 от 14.08.2015
66
199178, Санкт-Петербург, 12 линия, д. 39
СПб ГБУЗ «Психоневрологический диспансер № 1»
место проведения практической подготовки
Договор  № 80-5-13 от 15.08.2015
67
115487, Москва, ул. Нагатинская, д. 16, пом. 9
ООО «Институт остеопатии и холистической медицины»
место проведения практической подготовки
Договор № 80-5-14 от 03.09.2015
68
187401, Ленинградская обл., г. Волхов, ул. Воронежская, д. 1
НУЗ «Отделенческая больница на станции Волховстрой ОАО «РЖД»»
место проведения практической подготовки
Договор 80-5-52 от 17.11.2015
69
191167, Санкт-Петербург, ул. Миргородская, д. 3
СПб ГБУЗ «Клиническая инфекционная больница им. С.П. Боткина»
место проведения практической подготовки
Договор № 80-5-38 от 09.10.2015
70
191180, Санкт-Петербург, Лазаретный переулок, д. 4
СПб ГБУЗ «Введенская городская клиническая больница»
место проведения практической подготовки
Договор № 80-5-11 от 01.06.2015
71
199053, Санкт-Петербург, В.О., 1-я линия, д. 58
СПб ГБУЗ «Детская городская больница №2 святой Марии Магдалины»
место проведения практической подготовки
Договор № 80-5-6 от 05.02.2016
72
194354, Санкт-Петербург, ул. Сикейроса, д. 10
СПб ГБУЗ «Городской консультативно-диагностический центр № 1»
место проведения практической подготовки
Договор № 80-5-8 от 15.02.2016
73
197198, Санкт-Петербург, ул. Зверинская д. 15
СПб ГБУЗ «Городская поликлиника № 34»
место проведения практической подготовки
Договор № 80-5-5 от 10.02.2016
74
197022, Санкт-Петербург, 2-ая Березовая аллея, д. 3/5
СПб ГБУЗ «Городской клинический онкологический диспансер»
место проведения практической подготовки
Договор № 80-5-3 от 10.02.2016
75
198255, Санкт-Петербург, пр. Ветеранов д. 56
СПб ГБУЗ «Городской клинический онкологический диспансер»
место проведения практической подготовки
Договор № 80-5-3 от 10.02.2017
76
197101, Санкт-Петербург, Петроградская наб., д. 44, каб. 325
ГБОУ ВПО «Первый Санкт-Петербургский госудасртвеный медицинский университет имени академика И.П. Павлова»
место проведения практической подготовки
Договор № 80-5-4от 10.02.2016
77
191014, Санкт-Петербург, Литейный пр., д. 56
СПб ГБУЗ «Городская Мариинская больница»
место проведения практической подготовки
Договор № 80-5-14 от 22.04.2016
78
192289, Санкт-Петербург, ул. Бухарестская, д. 134
СПб ГБУЗ «Детская городская клиническая больница №5 им. Нила Федоровича Филатова»
место проведения практической подготовки
Договор  № 80-5-6 от 09.02.2016
79
198205, Санкт-Петербург, ул. Авангардная, д. 4
СПб ГБУЗ «Городская больница № 15»
место проведения практической подготовки
Договор № 80-5-15 от 24.05.2016
80
194354, Санкт-Петербург, Учебный переулок, д. 5
СПб ГБУЗ «Городская многопрофильная больница № 2»
место проведения практической подготовки
Договор  № 80-5-19 от 17.08.2016
81
198207, Санкт-Петербург, Ленинский проспект, д. 123, корп. 2
СПб ГБУЗ «Городская поликлиника № 43»
место проведения практической подготовки
Договор № 80-5-20 от 16.05.2016
82
196135, Санкт-Петербург, ул. Гастелло, д. 21
СПб ГБУЗ «Городская больница № 20»
место проведения практической подготовки
Договор № 80-5-10 от 15.02.2016
83
195297, Санкт-Петербург, ул. Тимуровская д. 17/1
СПб ГБУЗ «Городская поликлиника № 96»
место проведения практической подготовки
Договор № 80-5-1 от 09.02.2017
84
199106, Санкт-Петербург, В.О. Большой проспект, д. 85
СПб ГБУЗ «Городская Покровская больница»
место проведения практической подготовки
Договор № 209/17-Д (80-5-9) от 27.09.2017
85
193312, Санкт-Петербург, пр. Солидарности д.4
СПб ГБУЗ «Александровская больница»
место проведения практической подготовки
Договор № 80-5-24 от 21.11.2017
86
190121, Санкт-Петербург, ул. Канонерская д. 12
СПб ГБУЗ «Психиатрическая больница № 1 имени П.П. Кащенко»
место проведения практической подготовки
Договор № 80-5-8 от 22.06.2018
87
198259, Санкт-Петербург, ул. Тамбасова, д. 21
СПб ГБУЗ «Родильный дом № 10»
место проведения практической подготовки
Договор № 80-5-10 от 20.07.2018
88
197376, Санкт-Петербург, ул. Акад. И.П.Павлова, д. 9
ФГБУН «Институт мозга человека имени Н.П. Бехтеревой»
место проведения практической подготовки
Договор № 80-5-50 от 06.11.2018
89
443095, Самара, ул. Ташкентская, д. 159
ГБУЗ «Самарская областная клиническая больница имени В.Д. Середавина»
место проведения практической подготовки
Договор № 28-15-21 от 21.01.2020
90
197022, Санкт-Петербург, ул. Проф. Попова, д.9
ФГБУ «Детский научно-клинический центр инфекционных болезней Федерального медико-биологического агентства»
место проведения практической подготовки
Договор № 28-11-806 от 15.02.2020
91
192102, Санкт-Петербург, наб.р. Волковки, д. 3
СПБ ГБУЗ «Городской кожно-венерологический диспансер»
место проведения практической подготовки
Договор № 28-11-1922 от 15.04.2020
92
191104, Санкт-Петербург, Литейный пр., д. 56
СПб ГБУЗ «Городская Мариинская больница»
место проведения практической подготовки
Договор № 80-5-14 от 22.04.2016
93
196142, Санкт-Петербург, ул. Орджоникидзе, д. 47
СПб ГБУЗ «Родильный дом № 9»
место проведения практической подготовки
Договор № № 05/1/37/П-93 от 27.05.2021
94
194291, Санкт-Петербург, пр. Культуры, д. 4
ФГБУ «Северо-Западный окружной научно-клинический центр имени Л.Г.Соколова Федерального медико-биологического агентства»
место проведения практической подготовки
Договор № 05/1/37/П-379 от 24.09.2021
95
192174, Санкт-Петербург, ул.Леснозаводская, д.4, корп.1
СПбГБУЗ «Родильный дом № 17»
место проведения практической подготовки
Договор № П-414 05/1/37/П-414) от 28.10.2021
96
194044, Санкт-Петербург, ул. Чугунная д. 46
СПб ГБУЗ «Клиническая больница Святителя Луки»
место проведения практической подготовки
Договор № 05/1/37/О-18от 19.04.2022
97
195257, Санкт-Петербург, ул. Вавиловых д. 14, литера А
СПб ГБУЗ «Городская больница Святой преподобномученицы Елизаветы»
место проведения практической подготовки
Договор № 05/1/37/П-496 от 18.08.2022
98
191024, Санкт-Петербург, ул. 2-я Советская д. 16
ФГБУ Российский научно-исследовательский институт гематологии и трансфузиологи (РосНИИГТ) ФМБА
место проведения практической подготовки
Договор № 05/1/37/П-667 от 14.11.2022
99
194354, Санкт-Петербург, пр. Северный д. 1 лит. А
СПб ГБУЗ Городская больница Святого Великомученика Георгия
место проведения практической подготовки
Договор № 05/1/37/О-145 от 16.11.2022
100
194017, Санкт-Петербург, пр. Тореза, д. 72, лит. А
ФГБУЗ СПб клиническая больница Российской академии наук
место проведения практической подготовки
Договор № О-1 (05/1/37/О-1) от 03.03.2023
101
193312, Санкт-Петербург, пр. Солидарности, 4
СПб ГБУЗ «Городская Александровская больница»
место проведения практической подготовки
Договор № 05/1/37/П-143 от 05.04.2023
102
196066, Санкт-Петербург, Московский проспект, дом 183-185, литера А, помещение 32-Н
ООО «Неоклассика»
место проведения практической подготовки
Договор № 28-11-5434 от 02.12.2019
103
197183, Санкт-Петербург, ул. Дибуновская, д. 26
ООО «Омегадентал»
место проведения практической подготовки
Договор № 28-15-362 от 12.12.2019
104
198205, Санкт-Петербург, ул. Авангардная, д. 4
СПбГБУЗ «Городская больница № 15»
место проведения практической подготовки
Договор № 28-11-5635 от 30.12.2019
105
192238, Санкт-Петербург, ул. Пражская д.19 корп.1 литер А
СПб ГБУЗ «Стоматологическая поликлиника № 15»
место проведения практической подготовки
Договор № 28-11-668 от 07.02.2020
106
188300, Гатчина, ул. Рощинская, д. 15а
ГБУЗ ЛО Гатчинская клиническая межрайонная больница
место проведения практической подготовки
Договор № 28-11-4279 от 30.10.2020
107
196601, Пушкин, Госпитальный пер., д. 4
ГБУЗ ЛО Гатчинская клиническая межрайонная больница
место проведения практической подготовки
Договор № 28-11-4279 от 30.10.2021
108
188300, Гатчина, ул. Хохлова д. 9
ГБУЗ ЛО Гатчинская клиническая межрайонная больница
место проведения практической подготовки
Договор № 28-11-4279 от 30.10.2022
109
188309, Гатчина, ул. Бульвар Авиаторов, д. 4
ГБУЗ ЛО Гатчинская клиническая межрайонная больница
место проведения практической подготовки
Договор № 28-11-4279 от 30.10.2023
110
196006, Санкт-Петербург, ул. Заставская д. 33, лит. Ж
ООО «Клиника Классика»
место проведения практической подготовки
Договор от 23.09.2021 № 05/1/37/П-381
111
195196, Санкт-Петербург, пр-кт Заневский, д.1/82, литера А, помещ. 48,57
ООО малое инновационное предприятие «Институт стоматологии»
место проведения практической подготовки
Договор № П-474 (05/1/37/П-474) от 16.11.2021
Места проведения практики
№
Адрес места осуществления образовательной деятельности
Наименование объекта
Назначение объекта
Документ
1
127591, г. Москва, Дубнинская ул., д. 75Б, строение 2, офис 10
ООО «Агентство искуственного интеллекта»
место проведения практики
Договор № П-572 от 29.09.2022
2
191060, г. Санкт-Петербург, Смольный проезд, д. 1., литера Б
Администрация Губернатора Санкт-Петербурга
место проведения практики
Договор № П-146 от 07.07.2021
3
197022, г. Санкт-Петербург, набережная реки Малой Невки, д.1, лит А
ГБНОУ «Академия талантов»
место проведения практики
Договор № П-518 от 08.09.2022
4
107078, г. Москва, ул. Каланчевская, д. 27
АО «Альфа-банк»
место проведения практики
Договор № П-478 от 29.06.2022
5
115162 г. Москва, ул. Шаболовка, д.31, строение Б
АО «Альфастрахование»
место проведения практики
Договор № 05/1/37/П-197 от 20.04.2023
6
119071, г. Москва, Ленинский прсопект 15а, 6 этаж, помещение 49
АНО «Руниверс»
место проведения практики
Договор № 05/1/37/П-65 от 07.02.2023
7
197183, г. Санкт-Петербург, ул. Савушкина, д.82, лит. А.
АО Научно-исследовательский и проектно-конструкторский институт энергетических инноваций «Атомпроект»
место проведения практики
Договор № 9233/21/10.2 от 11.05.2021
8
125009, г. Москва, Театральная пл., д.1
ФГБУК «Государственный академический Большой театр России»
место проведения практики
Договор № 05/1/37/П-52 от 23.04.2021
9
127083, г. Москва, ул. Восьмого Марта, д. 10, строение 14
ПАО «ВымпелКом»
место проведения практики
Договор № 05/1/37/П-97 от 14.03.2023
10
190000, г. Санкт-Петербург, Почтамтская ул., д. 3-5, лит. А
ПАО «Газпром нефть»
место проведения практики
Договор № П-258 от 02.05.2023
11
191119, г. Санкт-Петербург, ул. Звенигородская, д.9
ООО «Герофарм»
место проведения практики
Договор № П-193 от 04.05.2022
12
199034, г. Санкт-Петербург, наб. Лейтенанта Шмидта, д. 5/16, лит. А
ООО «Главстрой-СПб специализированный застройщик»
место проведения практики
Договор № ГС-121/20-Пр от 17.07.2020
13
196070, г. Санкт-Петербург, ул. Фрунзе, д.4
СПб ГБУ Городской центр социальных программ и профилактики асоциальных явлений среди молодежи «Контакт»
место проведения практики
Договор № 14-02/07/22-П от 02.08.2022
14
191015, г. Санкт-Петербург, Суворовский pp., д. 50/52
Главное управление Министерства Внутренних Дел Российской Федерации по г. Санкт-Петербургу и Ленинградской области
место проведения практики
Договор № П-390 от 07.10.2021
15
123022, г. Москва, ул. 2-я Звенигородская, д. 13, стр. 37, этаж 6, помещение I, комната 10
ООО «Дата Интегрейшн Софтвер»
место проведения практики
Договор № П-75 от 15.02.2023
16
190013, г. Санкт-Петербург, Московский пр-кт, д. 60/129 литер б
Общество с ограниченной ответственностью «Емерджинг Маркетс Груп Экаунтинг»
место проведения практики
Договор № П-67 от 07.02.2023
17
152742 Ярославская обл., Некоузский район пос. Борок дом 109
ФГБУН «Институт биологии внутренних вод им. И.Д. Папанина Российской академии наук»
место проведения практики
Договор № П-76 от 15.02.2023
18
199053, г. Санкт-Петербург, Тучков пер., д. 9
ФГБУН «Институт лингвистических исследований РАН»
место проведения практики
Договор № П-79 от 21.02.2023
19
199034, г. Санкт-Петербург, наб. Макарова, д.6.
ФГБУН «Институт физиологии им. И.П. Павлова Российской академии наук»
место проведения практики
Договор № П-768 от 16.12.2022
20
191040, г. Санкт-Петербург, Транспортный переулок, д. 6, Литер А
Санкт-Петербургское государственное унитарное предприятие «Санкт-Петербургский информационно-аналитический центр»
место проведения практики
Договор № ОАП-036 от 11.03.2021
21
191023, г. Санкт-Петербург, пл. Ломоносова, д.1
Комитет по государственному контролю, использованию и охране памятников истории и культуры
место проведения практики
Договор № 05/1/37/П-60 от 26.04.2021
22
191144, г. Санкт-Петербург, ул. Новгородская, д. 20, лит. А
Комитет имущественных отношений Санкт-Петербурга
место проведения практики
Договор № 05/1/37/П-30 от 16.04.2021
23
190000, г. Санкт-Петербург, ул. Новгородская, д. 20, лит. А.
Комитет по государственному заказу Санкт-Петербурга
место проведения практики
Договор № 198-20 от 30.12.2020
24
191144, г. Санкт-Петербург, ул. Новгородская, д. 20, лит. А
Комитет по инвестициям Санкт-Петербурга
место проведения практики
Договор № П-453 от 18.07.2022
25
191186, г. Санкт-Петербург, Невский пр., д.40
Комитет по культуре Санкт-Петербурга
место проведения практики
Договор № 05/1/37/П-438 от 01.12.2021
26
191144, г. Санкт-Петербург, Новгородская ул., д.20, литера А, помещение 2-Н,
Комитет по промышленной политике, инновациям и торговле
место проведения практики
Договор № П-266 от 28.07.2021
27
198504, г. Санкт-Петербург, Чичеринская ул., д.2 литер. А, пом. 5-Н
ООО «ЛАНИТ-ТЕРКОМ»
место проведения практики
Договор № 05/79,149 от 27.04.2021
28
188300, Ленинградская область, г. Гатчина, ул. Карла Маркса, Д.40А/19
Союз «Ленинградская областная торгово-промышленная палата»
место проведения практики
Договор № 05/1/37/П-203 от 18.05.2022
29
191028, г. Санкт-Петербург, Соляной переулок, д. 9
СПб ГБУК «Государственный мемориальный музей обороны и блокады Ленинграда»
место проведения практики
Договор № 05/1/37/П-92 от 02.03.2023
30
125167, г. Москва, Ленинградский проспект, д. 39, стр. 79.
ООО «Мэйл.ру Груп»
место проведения практики
Договор № 07/79.149 от 18.05.2021
31
197376, г. Санкт-Петербург, ул. Профессора Попова, д.15/17
ФГБУ «Научно-исследовательский институт гриппа им. А.А. Смородинцева»
место проведения практики
Договор № 05/1/37/П-62 от 06.02.2023
32
197101, г. Санкт-Петербург, ул. Мира, д. 14 УФК по г. Санкт-Петербургу
ФГБУН «Научно-исследовательский институт эпидимиологии и микробиологии имени Пастера»
место проведения практики
Договор № П-75 от 14.02.2022
33
197760, г. Санкт-Петербург, г.Кронштадт, пр-т Ленина дом 8 литера А
ООО «Кадис»
место проведения практики
Договор № П-220 от 26.05.2022
34
117997, г. Москва, ул. Вавилова, д.19
ПАО «Сбербанк»
место проведения практики
Договор № 05/1/37/П-127 от 22.03.2022
35
194292, г. Санкт-Петербург, 6-й Верхний пер., д. 3
ООО «Пивоваренная компания «Балтика»
место проведения практики
Договор № 05/1/37/П-219 от 01.04.2022
36
194021, Россия, г. Санкт-Петербург, 2-ой Муринский пр., д. 28
АО «Радиевый институт имени В.Г. Хлопина»
место проведения практики
Договор № 05/1/37/П-496 от 12.11.2021
37
191186, г. Санкт-Петербург г, ул. Миллионная, д. 11, литера А
ООО «Российский Красный Крест»
место проведения практики
Договор № 05/1/37/П-237 от 18.05.2023
38
125009, г. Москва, ул.Воздвиженка, д. 18/9
Федеральное агентство по делам Содружества Независимых Государств, соотечественников, проживающих за рубежом, и по международному гуманитарному сотрудничеству (Россотрудничество)
место проведения практики
Договор № 05/1/37/П-512 от 01.09.2022
39
119991, г. Москва, ул. Зубовская д. 2
Счетная палата Российской Федерации
место проведения практики
Договор № Д-25-8 от 15.07.2022
40
125047, г. Москва, ул. Бутырский Вал, 10
ООО «Технологии Доверия — Консультирование»
место проведения практики
Договор № 1 от 03.02.2023
41
197046, г. Санкт-Петербург, Петроградская наб., д. 18, лит. А, помещение 309
ООО «Трансойл»
место проведения практики
Договор № 010221 от 01.02.2021
42
1900020, г. Санкт-Петербург, наб. Обводного канала, д. 199-201, лит. А, пом. 11-Н, офис 1
ООО Управляющая компания «Свиньин и партнеры»
место проведения практики
Договор № 05/1/37/П-262 от 07.06.2023
43
190000, г. Санкт-Петербург, ул. Большая Морская, д.42,44
ФГБНУ «Федеральный исследовательский центр российский институт генетических ресурсов растений имени Н.И. Вавилова»
место проведения практики
Договор № 05/2023 от 24.05.2023
44
191123, г. Санкт-Петербург, ул.Шпалерная, д.26
Управление специальной связи и информации Федеральной службы охраны Российской Федерации в Северо-Западном федеральном округе (ФСО России по СЗФО)
место проведения практики
Договор № 05/1/37/П-106 от 30.12.2021
45
197022, г. Санкт-Петербург, набережная реки Карповки, д. 5, лит. А
ООО «Научно-производственная Фирма «Хеликс»
место проведения практики
Договор № П-96 от 14.02.2022
46
121614, Российская Федерация, г. Москва, ул. Крылатская, д. 17, корп. 2
ООО «Телекомпания Хуавэй»
место проведения практики
Договор № SPC3011RUS23032710259014
47
197022, г. Санкт-Петербург, Большой пр. П.С., д. 100, литера А, пом. 24-Н (1-3)
ООО «Центр восточных культур Китсуне»
место проведения практики
Договор № П-522 от 12.09.2022
48
198216, г. Санкт-Петербург, Трамвайный пр-кт, д. 20
НЧОУ СОШ с углубленным изучением английского языка «Частная школа «Взмах»
место проведения практики
Договор № 05/1/37/П-343 от 21.06.2022
49
19102, г. Санкт-Петербург, Лермонтовский пр., д.2
ЧОУ школа «Шамир»
место проведения практики
Договор № П-513 от 02.09.2022
50
199178, г. Санкт-Петербург, 17-я линия Васильевского острова, д. 56, лит. А, 3 этаж, пом. 1-Н
ООО «Экс Севен Ресеч»
место проведения практики
Договор № 05/1/37/П-129 от 13.03.2023
О местах проведения государственной итоговой аттестации
№
Места проведения итоговой аттестации
1
190000, г. Санкт-Петербург, Английская набережная, дом 68, литера А;
2
190000, г. Санкт-Петербург, Большая Морская улица, дом 47, литера А, помещение 2-Н;
3
190000, г. Санкт-Петербург, Галерная улица, дом 58-60, литера А;
4
191015, г. Санкт-Петербург, Таврическая улица, дом 21-23-25, литера А;
5
191123, г. Санкт-Петербург, улица Радищева, дом 39, литера Д, помещение 1-Н;
6
191123, г. Санкт-Петербург, улица Чайковского, дом 28, литера А;
7
191123, г. Санкт-Петербург, улица Чайковского, дом 62, литера А;
8
193015, г. Санкт-Петербург, ул. Очаковская, д.9, литера А, пом. 1-Н;
9
193015, г. Санкт-Петербург, ул. Очаковская, д.9, литера А, пом. 4-Н;
10
193124, г. Санкт-Петербург, Смольный проезд, дом 1, литера Б, помещение 34-Н (подъезд №7);
11
193124, г. Санкт-Петербург, Смольный проезд, дом 1, литера Б, пом.1-Н, 25-Н, 30-Н, 31-Н, 32-Н, Л-15 (подъезд №9);
12
193124, г. Санкт-Петербург, Смольный проезд, дом 1, литера Б, пом. 39-Н, 40-Н, 41-Н, 42-Н, 43-Н, 44-Н, Л-13, Л-14 (подъезд №8);
13
198005, г. Санкт-Петербург, Измайловский проспект, дом 27, литера А;
14
198005, г. Санкт-Петербург, Измайловский проспект, дом 27, литера Б;
15
198005, г. Санкт-Петербург, Измайловский проспект, дом 27, литера В;
16
198504, г. Санкт-Петербург, город Петергоф, Университетский проспект, дом 26, литера А;
17
198504, г. Санкт-Петербург, город Петергоф, Университетский проспект, дом 28, литера Д;
18
198504, г. Санкт-Петербург, город Петергоф, Университетский проспект, дом 28, литера А;
19
198504, г. Санкт-Петербург, город Петергоф, Университетский проспект, дом 28, литера Б;
20
198504, г. Санкт-Петербург, город Петергоф, Университетский проспект, дом 28, литера В;
21
198504, г. Санкт-Петербург, город Петергоф, Университетский проспект, дом 28, литера З;
22
198504, г. Санкт-Петербург, город Петергоф, Университетский проспект, дом 28, литера И;
23
198504, г. Санкт-Петербург, город Петергоф, Университетский проспект, дом 35, литера А;
24
198504, г. Санкт-Петербург, город Петергоф, Университетский проспект, дом 35, литера Б;
25
198504, г. Санкт-Петербург, город Петергоф, Университетский проспект, дом 35, литера В;
26
198510, г. Санкт-Петербург, город Петергоф, Собственный проспект, дом 1, литера А;
27
198510, г. Санкт-Петербург, город Петергоф, Ульяновская улица, дом 1, литера А;
28
198510, г. Санкт-Петербург, город Петергоф, Ульяновская улица, дом 3, литера А;
29
198510, г. Санкт-Петербург, город Петергоф, Ульяновская улица, дом 5, литера А;
30
198510, г. Санкт-Петербург, город Петергоф, Ульяновская улица, дом 7, литера А;
31
198510, г. Санкт-Петербург, город Петергоф, Ульяновская улица, дом 7, литера Б;
32
198510, г. Санкт-Петербург, город Петергоф, Ульяновская улица, дом 7, литера В;
33
199004, г. Санкт-Петербург, линия 1-я В.О., д. 26, литера А, пом. 4-Н;
34
199004, г. Санкт-Петербург, линия 1-я В.О., д. 26, литера А, пом. 5-Н;
35
199004, г. Санкт-Петербург, 1-я линия В.О., дом 26, литера А, помещение 12-Н, 13-Н, 14-Н, 15-Н, 16-Н, 17-Н, 18-Н, 19-Н, 21-Н, 22-Н, 23-Н, 24-Н, 25-Н, 26-Н, 27-Н, 28-Н;
36
199004, г. Санкт-Петербург, линия 6-я В.О., д.11, литера Д, пом.1-Н;
37
199004, г. Санкт-Петербург, 6-я линия В.О., дом 15, литера А;
38
199004, г. Санкт-Петербург, Волховский переулок, дом 3, литера А;
39
199004, г. Санкт-Петербург, Средний проспект В.О., д.41, литера А;
40
199034, г. Санкт-Петербург, 9-я линия В.О., д.2/11, литера А, пом. 11-Н, 12-Н, 13-Н, 14-Н, 15-Н, 16-Н, 17-Н, 18-Н, 19-Н, 20-Н, 21-Н;
41
199034, г. Санкт-Петербург, Кадетская линия В.О., дом 1-3, литера А;
42
199034, г. Санкт-Петербург, Кадетская линия В.О., дом 1-3, литера Д;
43
199034, г. Санкт-Петербург, набережная Макарова, дом 6, литера А, пом. 5-Н, 6-Н, 7-Н, 8-Н, 9-Н, 10-Н, 12-Н, 14-Н;
44
199034, г. Санкт-Петербург, Менделеевская линия, дом 5, литера А;
45
199034, г. Санкт-Петербург, Университетская набережная, дом 7-9-11, литера А;
46
199034, г. Санкт-Петербург, Университетская набережная, дом 7-9-11, литера АЕ;
47
199034, г. Санкт-Петербург, Университетская набережная, дом 7-9-11, литера АЖ;
48
199034, г. Санкт-Петербург, Университетская набережная, дом 7-9-11, литера АЗ;
49
199034, г. Санкт-Петербург, Университетская набережная, дом 7-9-11, литера АК;
50
199034, г. Санкт-Петербург, Университетская набережная, дом 7-9-11, литера АЯ;
51
199034, г. Санкт-Петербург, Университетская набережная, дом 7-9-11, литера БВ;
52
199034, г. Санкт-Петербург, Университетская набережная, дом 7-9-11, литера БО;
53
199034, г. Санкт-Петербург, Университетская набережная, дом 7-9-11, литера В;
54
199034, г. Санкт-Петербург, Университетская набережная, дом 7-9-11, литера Ж;
55
199034, г. Санкт-Петербург, Университетская набережная, дом 7-9-11, литера Л;
56
199034, г. Санкт-Петербург, Университетская набережная, дом 7-9-11, литера О;
57
199034, г. Санкт-Петербург, Университетская набережная, дом 7-9-11, литера Р;
58
199034, г. Санкт-Петербург, Университетская набережная, дом 7-9-11, литера СО;
59
199034, г. Санкт-Петербург, Университетская набережная, дом 7-9-11, литера Т;
60
199034, г. Санкт-Петербург, Университетская набережная, дом 7-9-11, литера Ц, пом. 1-Н, 2-Н, 3-Н, 4-Н, 5-Н, 7-Н, 11-Н, 12-Н;
61
199034, г. Санкт-Петербург, Университетская набережная, дом 7-9-11, литера Ц, пом. 10-Н;
62
199034, г. Санкт-Петербург, Университетская набережная, дом 7-9-11, литера Ш;
63
199034, г. Санкт-Петербург, Филологический переулок, дом 3, литера П;
64
199105, г. Санкт-Петербург, 22-я линия В.О., дом 7, литера А;
65
199106, г. Санкт-Петербург, 21-я линия В.О., дом 8а, литера А;
66
199106, г. Санкт-Петербург, 23-я линия В.О., дом 26, литера А;
67
199106, г. Санкт-Петербург, Большой проспект В.О., дом 71, литера А;
68
199106, г. Санкт-Петербург, Большой проспект В.О., дом 85, литера К;
69
199155, г. Санкт-Петербург, переулок Декабристов, дом 16, литера А;
70
199155, г. Санкт-Петербург, переулок Каховского, дом 9, литера А;
71
199178, г. Санкт-Петербург, 10-я линия В.О., дом 31-33, литера А;
72
199178, г. Санкт-Петербург, 10-я линия В.О., дом 49, литера А;
73
199178, г. Санкт-Петербург, 14-я линия В.О., дом 29, литера А, помещение 1-Н, 5-Н, 11-Н;
74
199178, г. Санкт-Петербург, 16-я линия В.О., дом 29, литера А;
75
199178, г. Санкт-Петербург, Камская улица, дом 16а, литера А
76
198510, г. Санкт-Петербург, город Петергоф, Ботаническая улица, дом 17, литера А;
77
198510, г. Санкт-Петербург, город Петергоф, Санкт-Петербургское шоссе, дом 109, литера А;
78
190103, г. Санкт-Петербург, набережная реки Фонтанки, дом 154, литера А;
79
190103, г. Санкт-Петербург, набережная реки Фонтанки, дом 154, литера Б;
80
190103, г. Санкт-Петербург, набережная реки Фонтанки, дом 154, литера Г;
81
190020, г. Санкт-Петербург, улица Циолковского, дом 3, литера А;
82
199004, г. Санкт-Петербург, Кадетская линия В.О., дом 13-15, литера А
Места осуществления образовательной деятельности по основным программам профессионального обучения
№ п/п
Адрес
1
193015, г. Санкт-Петербург, ул. Очаковская, д.9, литера А, пом. 1-Н
2
193015, г. Санкт-Петербург, ул. Очаковская, д.9, литера А, пом. 4-Н
3
198005, г. Санкт-Петербург, Измайловский проспект, дом 27, литера А
4
198005, г. Санкт-Петербург, Измайловский проспект, дом 27, литера Б
5
198005, г. Санкт-Петербург, Измайловский проспект, дом 27, литера В
6
198504, г. Санкт-Петербург, город Петергоф, Университетский проспект, дом 26, литера А
7
198504, г. Санкт-Петербург, город Петергоф, Университетский проспект, дом 26, литера В
8
199004, г. Санкт-Петербург, Средний проспект В.О., д.41, литера А
9
199034, г. Санкт-Петербург, Менделеевская линия, дом 5, литера А
10
199034, г. Санкт-Петербург, Университетская набережная, дом 7-9-11, литера А
11
199034, г. Санкт-Петербург, Университетская набережная, дом 7-9-11, литера В
12
199034, г. Санкт-Петербург, Университетская набережная, дом 7-9-11, литера Л
13
199034, г. Санкт-Петербург, Университетская набережная, дом 7-9-11, литера О
14
199105, г. Санкт-Петербург, 22-я линия В.О., дом 7, литера А
15
199106, г. Санкт-Петербург, 21-я линия В.О., дом 8а, литера А
16
199106, г. Санкт-Петербург, Большой проспект В.О., дом 71, литера А
17
199178, г. Санкт-Петербург, 10-я линия В.О., дом 31-33, литера А
18
199178, г. Санкт-Петербург, 16-я линия В.О., дом 29, литера А
19
199178, г. Санкт-Петербург, Камская улица, дом 16а, литера А
20
190103, г. Санкт-Петербург, набережная реки Фонтанки, дом 154, литера Г
Дополнительная информация размещена в разделе
«Расписание СПбГУ»
.
Переключить сайт на версию для слабовидящих можно нажав на кнопку
«Версия для слабовидящих»
внизу страницы
Информация на странице была полезна?
Присоединяйтесь к нам в соцсетях
Поступающим
Студентам
Сотрудникам
Партнерам
Поступающим
Приемная комиссия
Образовательные программы
Дополнительное образование
Подготовка к ЕГЭ
Онлайн-школа СПбГУ
Олимпиада школьников
Дни открытых дверей
Профориентация школьников
Подготовительные курсы
Прием иностранцев
Личный кабинет поступающего
Целевое обучение
Студентам
Обучение
Расписание
Центр карьер СПбГУ
Олимпиада для студентов
Академическая мобильность
Стипендии
Библиотека
Общежития
Спорт
Отдых
Студенческий совет
Blackboard
Личный кабинет обучающегося
Сотрудникам
Работа в СПбГУ
Ректорские совещания
Ученый совет
Научный парк
Перезагрузка
Виртуальная приемная
Прием граждан
Библиотека
Система Pure
Патенты и трансфер технологий
Общественные организации
Партнерам
Научный парк
Работодателям
Экспертный университет
Разработка онлайн-курсов
Эндаумент-фонд
Клиники
Лаборатории и центры
Центр технологий распределенных реестров
Центр прикладной социологии
Центр медиации
Центр языкового тестирования
Выпускникам
Реквизиты СПбГУ
Консультации и сервисы:
Виртуальная приемная
Бесплатная юридическая помощь
Бесплатная психологическая помощь
Центр финансовой грамотности
Центр переводов
Служба медиации
Электронные сервисы
Общественное обсуждение
Репозиторий СПбГУ
Книги СПбГУ
Сувениры СПбГУ
Платежный сервис
RSS
MAX
ВКонтакте
Rutube
Минобрнауки РФ
Минпросвещения РФ
Российское общество «Знание»
Диалог Россия — Республика Корея
Петербургский диалог
Нажимая на кнопку «подписаться», вы даете согласие на
обработку своих персональных данных
.
© Санкт-Петербургский государственный университет, 2026
199034, Россия, Санкт-Петербург, Университетская набережная, д. 7–9
Сведения об образовательной организации
Противодействие коррупции
Реквизиты СПбГУ
Контакты
Сделано Deasign в сотрудничестве с СПбГУ
На данном информационном ресурсе могут быть опубликованы архивные материалы с упоминанием физических и юридических лиц, включенных Министерством юстиции Российской Федерации в реестр иностранных агентов, а также организаций, признанных экстремистскими и запрещенных на территории Российской Федерации.
Весь сайт
В новостях и событиях
В документах
Олимпиада школьников
Приемная комиссия СПбГУ
Образовательные программы
Виртуальная приемная
Подразделения и руководство
Документы
Контакты
Этот сайт использует cookies для сбора статистики и анализа работы сайта. Просим согласиться на сбор и обработку ваших метаданных или отключить cookies в настройках браузера.",https://spbu.ru/; https://spbu.ru/openuniversity; https://spbu.ru/sveden; https://spbu.ru/openuniversity/politika-otkrytosti; https://spbu.ru/openuniversity/documents; https://spbu.ru/openuniversity/documents/52; https://spbu.ru/openuniversity/documents/51; https://spbu.ru/openuniversity/perezagruzka; https://spbu.ru/rabota-v-spbgu; https://spbu.ru/openuniversity/protivodeystvie-korrupcii; https://spbu.ru/universitet-pomogaet-v-usloviyakh-specialnoy-voennoy-operacii; https://spbu.ru/universitet/sotrudnikam; https://spbu.ru/vypusknikam; https://spbu.ru/rabotodatelyam; https://spbu.ru/postupayushchim; https://spbu.ru/postupayushchim/programms; https://spbu.ru/postupayushchim/programms/dopolnitelnyeprogrammy; https://spbu.ru/postupayushchim/calendar; https://spbu.ru/postupayushchim/podgotovka-k-ege; https://spbu.ru/universitet/onlayn-kursy-spbgu; https://spbu.ru/studentam; https://spbu.ru/studentam/centr-karer-spbgu; https://spbu.ru/studentam/praktika-po-modeli-kliniki-v-spbgu; https://spbu.ru/studentam/studencheskiy-sovet; https://spbu.ru/studentam/studencheskiy-kampus; https://spbu.ru/studentam/studencheskie-iniciativy; https://spbu.ru/studentam/inostrannym-studentam; https://spbu.ru/studentam/medicinskaya-pomosch; https://spbu.ru/studentam/socialnaya-zaschita; https://spbu.ru/studentam/otdykh; https://spbu.ru/studentam/sport-i-zdorovyy-obraz-zhizni; https://spbu.ru/studentam/zelenyy-universitet; https://spbu.ru/studentam/voinskiy-uchet; https://spbu.ru/partneram; https://spbu.ru/partneram/kriptoveche; https://spbu.ru/partneram/mpa; https://spbu.ru/partneram/research-ims-20; https://spbu.ru/partneram/setevye-programmy-spbgu; https://spbu.ru/posetitelyam; https://spbu.ru/contacts; https://spbu.ru/universitet; https://spbu.ru/history; https://spbu.ru/universitet/universitet-v-licakh; https://spbu.ru/universitet/virtualnye-ekskursii-po-universitetu; https://spbu.ru/rector; https://spbu.ru/universitet/podrazdeleniya-i-rukovodstvo; https://spbu.ru/universitet/uchebno-nauchnye-podrazdeleniya; https://spbu.ru/universitet/popechitelskiy-sovet; https://spbu.ru/universitet/muzei-i-kollekcii-spbgu; https://spbu.ru/universitet/partnery; https://spbu.ru/universitet/klinika-spbgu; https://spbu.ru/universitet/mezhdunarodnaya-deyatelnost; https://spbu.ru/universitet/endaument-fond-spbgu; https://spbu.ru/universitet/podrazdeleniya-i-rukovodstvo/uchenye-sovety/uchenyy-sovet-spbgu; https://spbu.ru/universitet/obedinennyy-arkhiv; https://spbu.ru/universitet/spbgu-cifrovoy-universitet; https://spbu.ru/education; https://spbu.ru/education/dopolnitelnoe-obrazovanie-v-spbgu; https://spbu.ru/education/centr-inklyuzivnogo-obrazovaniya; https://spbu.ru/postupayushchim/programms/bakalavriat; https://spbu.ru/nauka/laboratorii-i-centry/centr-monitoringa-kachestva-obrazovaniya-spbgu; https://spbu.ru/education/onlayn-kursy-spbgu; https://spbu.ru/nauka; https://spbu.ru/topics/1995; https://spbu.ru/nauka/nauchnyy-park; https://spbu.ru/nauka/laboratorii-i-centry; https://spbu.ru/nauka/uchenye-stepeni-v-spbgu; https://spbu.ru/nauka/nauchnaya-biblioteka-imeni-m-gorkogo; https://spbu.ru/nauka/oborudovanie-spbgu; https://spbu.ru/nauka/nauchnye-zhurnaly-spbgu; https://spbu.ru/nauka/pobediteli-konkursa-megagrantov; https://spbu.ru/nauka/nacionalnyy-proekt-nauka-i-universitety; https://spbu.ru/nauka/teologiya-v-spbgu; https://spbu.ru/nauka/arkticheskie-proekty-spbgu; https://spbu.ru/ekspertnyy-universitet; https://spbu.ru/ekspertnyy-universitet/centr-ekspertiz; https://spbu.ru/ekspertnyy-universitet/centr-prikladnoy-sociologii; https://spbu.ru/ekspertnyy-universitet/centr-mediacii-spbgu; https://spbu.ru/ekspertnyy-universitet/katalog-issledovaniy; https://spbu.ru/ekspertnyy-universitet/ekspertnye-zaklyucheniya; https://spbu.ru/ekspertnyy-universitet/ekspertiza-nauchnyh-rabot; https://spbu.ru/ekspertnyy-universitet/otzyvy-recenzii-i-rekomendatelnye-pisma; https://spbu.ru/ekspertnyy-universitet/mezhdisciplinarnyy-centr-issledovaniy-kontrolno-nadzornoy-deyatelnosti-v; https://spbu.ru/ekspertnyy-universitet/besplatnaya-pomoshch; https://spbu.ru/news-events; https://spbu.ru/sveden/common; https://spbu.ru/sveden/struct; https://spbu.ru/sveden/document; https://spbu.ru/sveden/education; https://spbu.ru/sveden/eduStandarts; https://spbu.ru/sveden/managers; https://spbu.ru/sveden/employees; https://spbu.ru/sveden/objects; https://spbu.ru/sveden/grants; https://spbu.ru/sveden/paid_edu; https://spbu.ru/sveden/budget; https://spbu.ru/sveden/vacant; https://spbu.ru/sveden/inter; https://spbu.ru/sveden/catering; https://spbu.ru/abitur; https://spbu.ru/sveden/trud; https://spbu.ru/sveden/kachestvo-obrazovaniya; https://spbu.ru/sveden/akkreditaciya-specialistov; https://spbu.ru/sveden/nezavisimaya-ocenka-kachestva; https://spbu.ru/openuniversity/politika-otkrytosti/obratnaya-svyaz; https://spbu.ru/sveden/planiruemye-k-licenzirovaniyu-obrazovatelnye-programmy; https://spbu.ru/openuniversity/documents/trudovoy-rasporyadok-spbgu; https://spbu.ru/sites/default/files/licenziya.pdf; https://spbu.ru/sites/default/files/pril-1-2-2016.pdf; https://spbu.ru/sites/default/files/pril-1-3-2017.pdf; https://spbu.ru/sites/default/files/prilozhenie_no_1.7_k_licenzii.pdf; https://spbu.ru/sites/default/files/2026-03/reestrovaya-vypiska_20260311.pdf; https://spbu.ru/sites/default/files/svidetelstvo_o_gosudarstvennoy_akkreditacii.pdf; https://spbu.ru/sites/default/files/prilozhenie_k_svidetelstvu_o_gosudarstvennoy_akkreditacii.pdf; https://spbu.ru/sites/default/files/svidetelstvo_o_gosudarstvennoy_akkreditacii_obrazovatelnoy_deyatelnosti_po_osnovnym_obrazovatelnym_programmam.pdf; https://spbu.ru/sites/default/files/prilozhenie_no_1_k_svidetelstvu_o_gosudarstvennoy_akkreditacii_obrazovatelnoy_deyatelnosti_po_osnovnym_obrazovatelnym_programmam.pdf; http://spbu.ru/; https://spbu.ru/oficialnye-kanaly-spbgu; https://spbu.ru/postupayushchim/programms/dopolnitelnyeprogrammy?field=&audience=3491&type=&eduform=&op=%D0%9D%D0%90%D0%99%D0%A2%D0%98%20%D0%9F%D0%A0%D0%9E%D0%93%D0%A0%D0%90%D0%9C%D0%9C%D0%AB; https://spbu.ru/studentam/obuchenie; https://spbu.ru/studentam/centr-karery-spbgu; https://spbu.ru/universitet/podrazdeleniya-i-rukovodstvo/uchenye-sovety; https://spbu.ru/obshchestvennye-organizacii; https://spbu.ru/openuniversity/rabotodatelyam; https://spbu.ru/openuniversity/documents/rekvizity-spbgu; https://spbu.ru/studentam/praktika/praktika-po-modeli-kliniki-v-spbgu/socialnyy-centr-perevodov; https://spbu.ru/studentam/praktika/praktika-po-modeli-kliniki-v-spbgu/konfliktologicheskaya-klinika-sluzhba-mediacii; https://spbu.ru/news-events.xml; https://spbu.ru/universitet/regionalnoe-otdelenie-rossiyskogo-obschestva-znanie; https://spbu.ru/openuniversity/documents/soglasie-na-obrabotku-personalnykh-dannykh,http://guestbook.spbu.ru/; http://forum.spbu.ru/; http://abiturient.spbu.ru/; https://abiturient.spbu.ru/page-tselevoe-obuchenie-/; http://english.spbu.ru/; http://chinese.spbu.ru/; https://store.spbu.ru/; https://publishing.spbu.ru/; http://government.ru/; http://services.government.ru/letters/; https://islod.obrnadzor.gov.ru/rlic/details/755c1cc6a1d24c4da96bf372ffc9270e; https://isga.obrnadzor.gov.ru/accredreestr/details/0B100C12-0B10-0D11-0C0A-120C0D0B0B130E0C0B0D; https://timetable.spbu.ru/; https://max.ru/spbuniversity1724?from=site; https://vk.com/spb1724?from=site; https://rutube.ru/channel/24725063/videos/?from=site; https://max.ru/id7801002274_gos9; https://teragerz.mave.digital/; https://abiturient.spbu.ru/; https://abiturient.spbu.ru/programs/onlayn-shkola-spbgu/; http://olympiada.spbu.ru/; https://abiturient.spbu.ru/info/general-info/dni-otkrytykh-dverey/; https://abiturient.spbu.ru/reception-foreign; https://abiturient.spbu.ru/page-lichnyy-kabinet/; http://timetable.spbu.ru/; http://psrs.spbu.ru/; https://ifea.spbu.ru/%D1%81%D1%82%D1%83%D0%B4%D0%B5%D0%BD%D1%82%D0%B0%D0%BC-%D1%81%D0%BF%D0%B1%D0%B3%D1%83; https://uosd.spbu.ru/; http://bb.spbu.ru/; http://my.spbu.ru/; http://www.library.spbu.ru/; https://research.spbu.ru/ru/; http://unipat.spbu.ru/; https://dltc.spbu.ru/; https://testingcenter.spbu.ru/ru/; http://www.psy.spbu.ru/department/psychcentre/sluzhba; http://www.econ.spbu.ru/ru/nauka/nauchnye-centry/centr-finansovoy-gramotnosti-0; http://abc.spbu.ru/; https://dspace.spbu.ru/; https://pay.spbu.ru/; https://max.ru/spbuniversity1724?from=fsite; https://vk.com/spb1724?from=fsite; https://rutube.ru/channel/24725063/videos/?from=fsite; https://minobrnauki.gov.ru/; https://edu.gov.ru/; http://drrk.ru/; http://petersburger-dialog.ru/; http://deasign.ru/; https://olympiada.spbu.ru/,130,49,179,
https://spbu.ru/openuniversity/politika-otkrytosti,200,Политика открытости | Санкт-Петербургский государственный университет,1,"Политика открытости | Санкт-Петербургский государственный университет
Открытый университет
Сведения об образовательной организации
Политика открытости
Документы
Виртуальная приемная
Ректорские совещания
Материалы приема граждан
Перезагрузка
Работа в СПбГУ
Общественное обсуждение
Противодействие коррупции
Университет помогает в условиях специальной военной операции
Сотрудникам
Выпускникам
Работодателям
Поступающим
Приемная комиссия
Образовательные программы
Дополнительное образование
Календарь приема
Подготовка к ЕГЭ
Онлайн-курсы СПбГУ
Целевое обучение
Студентам
Центр карьер
Клиники СПбГУ
Студенческий совет
Студенческий кампус
Студенческие инициативы
Иностранным студентам
Медицинская помощь
Социальная защита
Отдых
Спорт и здоровый образ жизни
«Зеленый университет»
Воинский учет
Выпускникам
Партнерам
Криптовече
Многофункциональный платежный ассистент
Research IMS 2.0
Разработка онлайн-курсов
Сетевые программы
Посетителям
Контакты
EN
中文
Университет
История университета
Университет в лицах
Виртуальные экскурсии
Ректор СПбГУ
Подразделения и руководство
Учебно-научные подразделения
Попечительский совет
Музеи и коллекции СПбГУ
Партнеры
Клиника высоких медицинских технологий
Международная деятельность
Эндаумент-фонд
Ученый совет
Сувенирная продукция
Издательство СПбГУ
Объединенный архив СПбГУ
СПбГУ — цифровой университет
Наш университет
Образование
Дополнительное образование
Поступление в 2026 году
Центр инклюзивного образования
Образовательные программы
Приемная комиссия
Сведения об образовательной организации
Центр мониторинга качества образования
Онлайн-курсы СПбГУ
Клиники СПбГУ
Подробнее
Наука
Новости науки
Научный парк
Лаборатории и центры
Ученые степени в СПбГУ
Научная библиотека
Оборудование
Научные журналы
Победители конкурса мегагрантов
Наука и университеты
Теология в СПбГУ
Арктические проекты
Научный университет
Экспертиза
Центр экспертиз
Центр прикладной социологии
Центр медиации
Каталог исследований
Экспертные заключения
Экспертиза научных работ
Отзывы и рецензии
Центр исследований контрольно-надзорной деятельности
Бесплатная помощь
Экспертный университет
Новости и события
Контакты
Открытый университет
Политика открытости
Обратная связь
Сотрудникам
Работодателям
Противодействие коррупции
Перезагрузка
Документы
Виртуальная приемная
Ректорские совещания
Материалы приема граждан
Перезагрузка
Международная деятельность
Международная и профессионально-общественная аккредитация
Эндаумент-фонд СПбГУ
Открытый университет
Политика открытости
Санкт-Петербургский университет придерживается политики открытости во всех сферах своей деятельности. Вся информация — о конкурсах, грантах, вступительных экзаменах, решениях и документах — публикуется на портале СПбГУ, и ознакомиться с ней может любой заинтересованный человек.
Политика открытости
Обратная связь
Сотрудникам
Работодателям
Противодействие коррупции
Перезагрузка
Документы
Виртуальная приемная
Ректорские совещания
Материалы приема граждан
Перезагрузка
Международная деятельность
Международная и профессионально-общественная аккредитация
Эндаумент-фонд СПбГУ
Направить обращение через Госуслуги
Преимущества политики открытости
гласность действий руководителей всех уровней, публичность принимаемых решений
прозрачность экспертной деятельности
открытость конкурсных процедур
эффективный контроль исполнения действующих правил
участие общественности в работе вуза
публикация информации обо всех сферах жизни вуза в открытых источниках
Объем сведений об Университете на официальном портале СПбГУ постоянно расширяется, вводятся специальные инструменты, способствующие открытости, новые разделы портала СПбГУ:
«Прием ректором граждан»
(с июля 2008)
«Обращения к ректору»
(с февраля 2011)
«Итоги заседаний Ученого совета СПбГУ»
(с февраля 2011)
«Ректорские совещания»
(с марта 2011)
«Виртуальная приемная СПбГУ»
(с августа 2011)
«Общественное обсуждение»
(с декабря 2011)
«Научный парк»
(с марта 2012)
«Студсовет СПбГУ»
(с апреля 2012)
«Конкурсы СПбГУ»
как электронное СМИ (с декабря 2012)
«Репозиторий СПбГУ»
(с марта 2014)
«Крупным планом»
(с марта 2015)
«Прошу нарушить правила!»
(с марта 2015)
«Университет. Перезагрузка»
(с мая 2016)
Общественный контроль
Обратная связь
Информация на странице была полезна?
Присоединяйтесь к нам в соцсетях
Поступающим
Студентам
Сотрудникам
Партнерам
Поступающим
Приемная комиссия
Образовательные программы
Дополнительное образование
Подготовка к ЕГЭ
Онлайн-школа СПбГУ
Олимпиада школьников
Дни открытых дверей
Профориентация школьников
Подготовительные курсы
Прием иностранцев
Личный кабинет поступающего
Целевое обучение
Студентам
Обучение
Расписание
Центр карьер СПбГУ
Олимпиада для студентов
Академическая мобильность
Стипендии
Библиотека
Общежития
Спорт
Отдых
Студенческий совет
Blackboard
Личный кабинет обучающегося
Сотрудникам
Работа в СПбГУ
Ректорские совещания
Ученый совет
Научный парк
Перезагрузка
Виртуальная приемная
Прием граждан
Библиотека
Система Pure
Патенты и трансфер технологий
Общественные организации
Партнерам
Научный парк
Работодателям
Экспертный университет
Разработка онлайн-курсов
Эндаумент-фонд
Клиники
Лаборатории и центры
Центр технологий распределенных реестров
Центр прикладной социологии
Центр медиации
Центр языкового тестирования
Выпускникам
Реквизиты СПбГУ
Консультации и сервисы:
Виртуальная приемная
Бесплатная юридическая помощь
Бесплатная психологическая помощь
Центр финансовой грамотности
Центр переводов
Служба медиации
Электронные сервисы
Общественное обсуждение
Репозиторий СПбГУ
Книги СПбГУ
Сувениры СПбГУ
Платежный сервис
RSS
MAX
ВКонтакте
Rutube
Минобрнауки РФ
Минпросвещения РФ
Российское общество «Знание»
Диалог Россия — Республика Корея
Петербургский диалог
Нажимая на кнопку «подписаться», вы даете согласие на
обработку своих персональных данных
.
© Санкт-Петербургский государственный университет, 2026
199034, Россия, Санкт-Петербург, Университетская набережная, д. 7–9
Сведения об образовательной организации
Противодействие коррупции
Реквизиты СПбГУ
Контакты
Сделано Deasign в сотрудничестве с СПбГУ
На данном информационном ресурсе могут быть опубликованы архивные материалы с упоминанием физических и юридических лиц, включенных Министерством юстиции Российской Федерации в реестр иностранных агентов, а также организаций, признанных экстремистскими и запрещенных на территории Российской Федерации.
Весь сайт
В новостях и событиях
В документах
Олимпиада школьников
Приемная комиссия СПбГУ
Образовательные программы
Виртуальная приемная
Подразделения и руководство
Документы
Контакты
Этот сайт использует cookies для сбора статистики и анализа работы сайта. Просим согласиться на сбор и обработку ваших метаданных или отключить cookies в настройках браузера.",https://spbu.ru/; https://spbu.ru/openuniversity; https://spbu.ru/sveden; https://spbu.ru/openuniversity/politika-otkrytosti; https://spbu.ru/openuniversity/documents; https://spbu.ru/openuniversity/documents/52; https://spbu.ru/openuniversity/documents/51; https://spbu.ru/openuniversity/perezagruzka; https://spbu.ru/rabota-v-spbgu; https://spbu.ru/openuniversity/protivodeystvie-korrupcii; https://spbu.ru/universitet-pomogaet-v-usloviyakh-specialnoy-voennoy-operacii; https://spbu.ru/universitet/sotrudnikam; https://spbu.ru/vypusknikam; https://spbu.ru/rabotodatelyam; https://spbu.ru/postupayushchim; https://spbu.ru/postupayushchim/programms; https://spbu.ru/postupayushchim/programms/dopolnitelnyeprogrammy; https://spbu.ru/postupayushchim/calendar; https://spbu.ru/postupayushchim/podgotovka-k-ege; https://spbu.ru/universitet/onlayn-kursy-spbgu; https://spbu.ru/studentam; https://spbu.ru/studentam/centr-karer-spbgu; https://spbu.ru/studentam/praktika-po-modeli-kliniki-v-spbgu; https://spbu.ru/studentam/studencheskiy-sovet; https://spbu.ru/studentam/studencheskiy-kampus; https://spbu.ru/studentam/studencheskie-iniciativy; https://spbu.ru/studentam/inostrannym-studentam; https://spbu.ru/studentam/medicinskaya-pomosch; https://spbu.ru/studentam/socialnaya-zaschita; https://spbu.ru/studentam/otdykh; https://spbu.ru/studentam/sport-i-zdorovyy-obraz-zhizni; https://spbu.ru/studentam/zelenyy-universitet; https://spbu.ru/studentam/voinskiy-uchet; https://spbu.ru/partneram; https://spbu.ru/partneram/kriptoveche; https://spbu.ru/partneram/mpa; https://spbu.ru/partneram/research-ims-20; https://spbu.ru/partneram/setevye-programmy-spbgu; https://spbu.ru/posetitelyam; https://spbu.ru/contacts; https://spbu.ru/universitet; https://spbu.ru/history; https://spbu.ru/universitet/universitet-v-licakh; https://spbu.ru/universitet/virtualnye-ekskursii-po-universitetu; https://spbu.ru/rector; https://spbu.ru/universitet/podrazdeleniya-i-rukovodstvo; https://spbu.ru/universitet/uchebno-nauchnye-podrazdeleniya; https://spbu.ru/universitet/popechitelskiy-sovet; https://spbu.ru/universitet/muzei-i-kollekcii-spbgu; https://spbu.ru/universitet/partnery; https://spbu.ru/universitet/klinika-spbgu; https://spbu.ru/universitet/mezhdunarodnaya-deyatelnost; https://spbu.ru/universitet/endaument-fond-spbgu; https://spbu.ru/universitet/podrazdeleniya-i-rukovodstvo/uchenye-sovety/uchenyy-sovet-spbgu; https://spbu.ru/universitet/obedinennyy-arkhiv; https://spbu.ru/universitet/spbgu-cifrovoy-universitet; https://spbu.ru/education; https://spbu.ru/education/dopolnitelnoe-obrazovanie-v-spbgu; https://spbu.ru/education/centr-inklyuzivnogo-obrazovaniya; https://spbu.ru/postupayushchim/programms/bakalavriat; https://spbu.ru/nauka/laboratorii-i-centry/centr-monitoringa-kachestva-obrazovaniya-spbgu; https://spbu.ru/education/onlayn-kursy-spbgu; https://spbu.ru/nauka; https://spbu.ru/topics/1995; https://spbu.ru/nauka/nauchnyy-park; https://spbu.ru/nauka/laboratorii-i-centry; https://spbu.ru/nauka/uchenye-stepeni-v-spbgu; https://spbu.ru/nauka/nauchnaya-biblioteka-imeni-m-gorkogo; https://spbu.ru/nauka/oborudovanie-spbgu; https://spbu.ru/nauka/nauchnye-zhurnaly-spbgu; https://spbu.ru/nauka/pobediteli-konkursa-megagrantov; https://spbu.ru/nauka/nacionalnyy-proekt-nauka-i-universitety; https://spbu.ru/nauka/teologiya-v-spbgu; https://spbu.ru/nauka/arkticheskie-proekty-spbgu; https://spbu.ru/ekspertnyy-universitet; https://spbu.ru/ekspertnyy-universitet/centr-ekspertiz; https://spbu.ru/ekspertnyy-universitet/centr-prikladnoy-sociologii; https://spbu.ru/ekspertnyy-universitet/centr-mediacii-spbgu; https://spbu.ru/ekspertnyy-universitet/katalog-issledovaniy; https://spbu.ru/ekspertnyy-universitet/ekspertnye-zaklyucheniya; https://spbu.ru/ekspertnyy-universitet/ekspertiza-nauchnyh-rabot; https://spbu.ru/ekspertnyy-universitet/otzyvy-recenzii-i-rekomendatelnye-pisma; https://spbu.ru/ekspertnyy-universitet/mezhdisciplinarnyy-centr-issledovaniy-kontrolno-nadzornoy-deyatelnosti-v; https://spbu.ru/ekspertnyy-universitet/besplatnaya-pomoshch; https://spbu.ru/news-events; https://spbu.ru/openuniversity/politika-otkrytosti/obratnaya-svyaz; https://spbu.ru/mezhdunarodnaya-deyatelnost; https://spbu.ru/sveden/kachestvo-obrazovaniya; https://spbu.ru/openuniversity/documents/50; https://spbu.ru/topics/9c4190cb-187e-47d1-993a-3c519b26ad44; https://spbu.ru/news-events/krupnym-planom; https://spbu.ru/rector/proshu-narushit-pravila; https://spbu.ru/topics/239; https://spbu.ru/topics/2391; https://spbu.ru/oficialnye-kanaly-spbgu; https://spbu.ru/postupayushchim/programms/dopolnitelnyeprogrammy?field=&audience=3491&type=&eduform=&op=%D0%9D%D0%90%D0%99%D0%A2%D0%98%20%D0%9F%D0%A0%D0%9E%D0%93%D0%A0%D0%90%D0%9C%D0%9C%D0%AB; https://spbu.ru/studentam/obuchenie; https://spbu.ru/studentam/centr-karery-spbgu; https://spbu.ru/universitet/podrazdeleniya-i-rukovodstvo/uchenye-sovety; https://spbu.ru/obshchestvennye-organizacii; https://spbu.ru/openuniversity/rabotodatelyam; https://spbu.ru/openuniversity/documents/rekvizity-spbgu; https://spbu.ru/studentam/praktika/praktika-po-modeli-kliniki-v-spbgu/socialnyy-centr-perevodov; https://spbu.ru/studentam/praktika/praktika-po-modeli-kliniki-v-spbgu/konfliktologicheskaya-klinika-sluzhba-mediacii; https://spbu.ru/news-events.xml; https://spbu.ru/universitet/regionalnoe-otdelenie-rossiyskogo-obschestva-znanie; https://spbu.ru/openuniversity/documents/soglasie-na-obrabotku-personalnykh-dannykh,http://guestbook.spbu.ru/; http://forum.spbu.ru/; http://abiturient.spbu.ru/; https://abiturient.spbu.ru/page-tselevoe-obuchenie-/; http://english.spbu.ru/; http://chinese.spbu.ru/; https://store.spbu.ru/; https://publishing.spbu.ru/; http://researchpark.spbu.ru/; http://studsovet.spbu.ru/; http://jobs.spbu.ru/; https://dspace.spbu.ru/; https://max.ru/spbuniversity1724?from=site; https://vk.com/spb1724?from=site; https://rutube.ru/channel/24725063/videos/?from=site; https://max.ru/id7801002274_gos9; https://teragerz.mave.digital/; https://abiturient.spbu.ru/; https://abiturient.spbu.ru/programs/onlayn-shkola-spbgu/; http://olympiada.spbu.ru/; https://abiturient.spbu.ru/info/general-info/dni-otkrytykh-dverey/; https://abiturient.spbu.ru/reception-foreign; https://abiturient.spbu.ru/page-lichnyy-kabinet/; http://timetable.spbu.ru/; http://psrs.spbu.ru/; https://ifea.spbu.ru/%D1%81%D1%82%D1%83%D0%B4%D0%B5%D0%BD%D1%82%D0%B0%D0%BC-%D1%81%D0%BF%D0%B1%D0%B3%D1%83; https://uosd.spbu.ru/; http://bb.spbu.ru/; http://my.spbu.ru/; http://www.library.spbu.ru/; https://research.spbu.ru/ru/; http://unipat.spbu.ru/; https://dltc.spbu.ru/; https://testingcenter.spbu.ru/ru/; http://www.psy.spbu.ru/department/psychcentre/sluzhba; http://www.econ.spbu.ru/ru/nauka/nauchnye-centry/centr-finansovoy-gramotnosti-0; http://abc.spbu.ru/; https://pay.spbu.ru/; https://max.ru/spbuniversity1724?from=fsite; https://vk.com/spb1724?from=fsite; https://rutube.ru/channel/24725063/videos/?from=fsite; https://minobrnauki.gov.ru/; https://edu.gov.ru/; http://drrk.ru/; http://petersburger-dialog.ru/; http://deasign.ru/; https://olympiada.spbu.ru/,107,47,154,
https://spbu.ru/openuniversity/documents,200,Документы | Санкт-Петербургский государственный университет,1,"Документы | Санкт-Петербургский государственный университет
Открытый университет
Сведения об образовательной организации
Политика открытости
Документы
Виртуальная приемная
Ректорские совещания
Материалы приема граждан
Перезагрузка
Работа в СПбГУ
Общественное обсуждение
Противодействие коррупции
Университет помогает в условиях специальной военной операции
Сотрудникам
Выпускникам
Работодателям
Поступающим
Приемная комиссия
Образовательные программы
Дополнительное образование
Календарь приема
Подготовка к ЕГЭ
Онлайн-курсы СПбГУ
Целевое обучение
Студентам
Центр карьер
Клиники СПбГУ
Студенческий совет
Студенческий кампус
Студенческие инициативы
Иностранным студентам
Медицинская помощь
Социальная защита
Отдых
Спорт и здоровый образ жизни
«Зеленый университет»
Воинский учет
Выпускникам
Партнерам
Криптовече
Многофункциональный платежный ассистент
Research IMS 2.0
Разработка онлайн-курсов
Сетевые программы
Посетителям
Контакты
EN
中文
Университет
История университета
Университет в лицах
Виртуальные экскурсии
Ректор СПбГУ
Подразделения и руководство
Учебно-научные подразделения
Попечительский совет
Музеи и коллекции СПбГУ
Партнеры
Клиника высоких медицинских технологий
Международная деятельность
Эндаумент-фонд
Ученый совет
Сувенирная продукция
Издательство СПбГУ
Объединенный архив СПбГУ
СПбГУ — цифровой университет
Наш университет
Образование
Дополнительное образование
Поступление в 2026 году
Центр инклюзивного образования
Образовательные программы
Приемная комиссия
Сведения об образовательной организации
Центр мониторинга качества образования
Онлайн-курсы СПбГУ
Клиники СПбГУ
Подробнее
Наука
Новости науки
Научный парк
Лаборатории и центры
Ученые степени в СПбГУ
Научная библиотека
Оборудование
Научные журналы
Победители конкурса мегагрантов
Наука и университеты
Теология в СПбГУ
Арктические проекты
Научный университет
Экспертиза
Центр экспертиз
Центр прикладной социологии
Центр медиации
Каталог исследований
Экспертные заключения
Экспертиза научных работ
Отзывы и рецензии
Центр исследований контрольно-надзорной деятельности
Бесплатная помощь
Экспертный университет
Новости и события
Контакты
Документы
Архив документов
Актуальные темы
Основные документы
Открытый университет
Поиск по названию, описанию или номеру документа
Тип документа
Любой
Протокол
Правила
Соглашение
Отзыв
Заключение
Рабочие материалы
Уставные документы
Постановление
Положение
Письмо
Доклад
Памятка
Встречи ректора
Встречи
Материалы общества «Знание»
Приказ
Распоряжение
Повестка
Дата документа
Подразделение
Любой
Образовательные программы основного общего и среднего общего образования СПбГУ
Биологический факультет
Восточный факультет
Институт «Высшая школа журналистики и массовых коммуникаций»
Институт «Высшая школа менеджмента»
Институт истории
Институт когнитивных исследований
Институт наук о Земле
Институт педагогики
Институт развития конкуренции и антимонопольного регулирования
Институт теологии
Институт философии
Институт химии
Колледж физической культуры и спорта, экономики и технологии
Комиссия по этике
Математико-механический факультет
Медицинский институт
Медицинский колледж
Ученый совет СПбГУ
Факультет иностранных языков
Факультет искусств
Факультет математики и компьютерных наук
Факультет международных отношений
Факультет политологии
Факультет прикладной математики — процессов управления
Факультет психологии
Факультет свободных искусств и наук
Факультет социологии
Факультет стоматологии и медицинских технологий
Физический факультет
Филологический факультет
Экономический факультет
Юридический факультет
Область
Любая
Биологические науки и биоэкология
Востоковедение
Изучение иностранных языков
Искусство
История и археология
Когнитивные науки
Математика и компьютерные науки
Математика и механика
Медицинские науки
Междисциплинарные исследования в области естественных и гуманитарных наук
Международные отношения
Менеджмент
Науки о Земле и смежные экологические науки
Науки о языках и литературе
Педагогические науки
Политические науки
Прикладная математика
Психологические науки
СМИ и массовые коммуникации
Социологические науки
Стоматология и челюстно-лицевая хирургия
Теология
Физика и астрономия
Философия, этика и религиоведение
Химические науки
Экономика и бизнес
Юриспруденция
Орган
Любой
Автор
Последние документы
26 декабря
Повестка дня заседания Научной комиссии в области истории и археологии
Повестка
16 декабря
Рецензия на статью «Многоуровневая и разветвленная иерархия реальности и виртуальности в контексте расширенного кантовского наблюдателя»
Отзыв
23 октября
Протокол заседания Ученого совета Института истории
Протокол
29 мая
Повестка дня заседания Ученого совета факультета свободных искусств и наук
Повестка
28 мая
Повестка заседания Ученого совета Факультета психологии
Повестка
Повестка заочного заседания учебно‑методической комиссии по УГСН 21.00.00 Прикладная геология, горное дело, нефтегазовое дело и геодезия
Повестка
Повестка дня заседания Учебно‑методической комиссии по УГСН 09.00.00 Информатика и вычислительная техника
Повестка
26 мая
Об утверждении ранжированного списка для выполнения университетского заказа по результатам конкурса в 2026 году
Распоряжение
О создании Лаборатории прикладного программного обеспечения
Приказ
О формировании комиссии по контролю за выполнением работ по Контракту от 18.05.2026 № 28/26/ЗКЭ/223
Приказ
Основные документы
Устав СПбГУ
Свидетельство о государственной аккредитации
Лицензия
Правила обучения
Образовательные стандарты
Закон №259-ФЗ «О Московском государственном университете имени М. В. Ломоносова и Санкт-Петербургском государственном университете»
Программа развития СПбГУ на 2021–2030 годы
Кодекс универсанта
Темы
ПИШ
общественный контроль
финансово-хозяйственная деятельность
совещания деканов и директоров
платные услуги
студентам
образование
ученый совет
сотрудникам
евразийские исследования
отзывы и рецензии
борьба с коррупцией
хозяйственная деятельность
мониторинг качества образования в СПбГУ
оппонирование
ведущая организация
поступающим
иностранным студентам
ученая степень СПбГУ
постоянные комиссии
премии
искусственный интеллект и науки о данных
научные журналы
советы программ
медицина
наука
экспертные заключения
аккредитация
кадры и зарплата
библиотека
заключения о диссертациях
военное дело
языковое тестирование
беспилотные системы
экология
япрофессионал
олимпиады
центр инклюзивного образования
материалы ЦИКНД
выпускники
центр карьер
Канада
стартап
центр аналитики динамических процессов и систем
карьерные события
партнеры
вольнослушатели
онлайн-курсы
материалы премий
российская государственность
спорт
образовательный центр системного программирования
центр искусственного интеллекта и информационных технологий
музеи
победа
GORKI
организация питания
знание
практика
международное сотрудничество
арктика
СВО
цели устойчивого развития: хорошее здоровье и благополучие
хоздеятельность
встречи с представителями студенческого совета
лаборатория плазмонно усиленной спектроскопии и биоимиджинга
центр прикладной социологии
русский язык
музей набокова
институт развития конкуренции и антимонопольного регулирования
турция
историко-дипломатический центр
благодарственные письма
институт теологии
300 лет СПбГУ
встречи ректора
высшая школа безопасности труда
COVID-19
энергетическое право
Ботанический сад СПбГУ
оборудование для проектов
центр образовательного права
рейтинг
РАН
работодатели
ректор
центр по изучению проблем домашнего насилия
сириус
научно-образовательный кластер «Менделеев»
внешние гранты
гранты СПбГУ
ингрия
выпуск 2020
социологическая клиника
цели устойчивого развития: ликвидация нищеты
экспертиза
территория развития
почетные профессора
менделеев 2019
обратная связь
научный парк
1
Page
2
Page
3
Page
4
Page
5
Page
6
Page
7
Page
8
Page
9
…
Следующая страница
Next ›
Информация на странице была полезна?
Присоединяйтесь к нам в соцсетях
Поступающим
Студентам
Сотрудникам
Партнерам
Поступающим
Приемная комиссия
Образовательные программы
Дополнительное образование
Подготовка к ЕГЭ
Онлайн-школа СПбГУ
Олимпиада школьников
Дни открытых дверей
Профориентация школьников
Подготовительные курсы
Прием иностранцев
Личный кабинет поступающего
Целевое обучение
Студентам
Обучение
Расписание
Центр карьер СПбГУ
Олимпиада для студентов
Академическая мобильность
Стипендии
Библиотека
Общежития
Спорт
Отдых
Студенческий совет
Blackboard
Личный кабинет обучающегося
Сотрудникам
Работа в СПбГУ
Ректорские совещания
Ученый совет
Научный парк
Перезагрузка
Виртуальная приемная
Прием граждан
Библиотека
Система Pure
Патенты и трансфер технологий
Общественные организации
Партнерам
Научный парк
Работодателям
Экспертный университет
Разработка онлайн-курсов
Эндаумент-фонд
Клиники
Лаборатории и центры
Центр технологий распределенных реестров
Центр прикладной социологии
Центр медиации
Центр языкового тестирования
Выпускникам
Реквизиты СПбГУ
Консультации и сервисы:
Виртуальная приемная
Бесплатная юридическая помощь
Бесплатная психологическая помощь
Центр финансовой грамотности
Центр переводов
Служба медиации
Электронные сервисы
Общественное обсуждение
Репозиторий СПбГУ
Книги СПбГУ
Сувениры СПбГУ
Платежный сервис
RSS
MAX
ВКонтакте
Rutube
Минобрнауки РФ
Минпросвещения РФ
Российское общество «Знание»
Диалог Россия — Республика Корея
Петербургский диалог
Нажимая на кнопку «подписаться», вы даете согласие на
обработку своих персональных данных
.
© Санкт-Петербургский государственный университет, 2026
199034, Россия, Санкт-Петербург, Университетская набережная, д. 7–9
Сведения об образовательной организации
Противодействие коррупции
Реквизиты СПбГУ
Контакты
Сделано Deasign в сотрудничестве с СПбГУ
На данном информационном ресурсе могут быть опубликованы архивные материалы с упоминанием физических и юридических лиц, включенных Министерством юстиции Российской Федерации в реестр иностранных агентов, а также организаций, признанных экстремистскими и запрещенных на территории Российской Федерации.
Весь сайт
В новостях и событиях
В документах
Олимпиада школьников
Приемная комиссия СПбГУ
Образовательные программы
Виртуальная приемная
Подразделения и руководство
Документы
Контакты
Этот сайт использует cookies для сбора статистики и анализа работы сайта. Просим согласиться на сбор и обработку ваших метаданных или отключить cookies в настройках браузера.",https://spbu.ru/; https://spbu.ru/openuniversity; https://spbu.ru/sveden; https://spbu.ru/openuniversity/politika-otkrytosti; https://spbu.ru/openuniversity/documents; https://spbu.ru/openuniversity/documents/52; https://spbu.ru/openuniversity/documents/51; https://spbu.ru/openuniversity/perezagruzka; https://spbu.ru/rabota-v-spbgu; https://spbu.ru/openuniversity/protivodeystvie-korrupcii; https://spbu.ru/universitet-pomogaet-v-usloviyakh-specialnoy-voennoy-operacii; https://spbu.ru/universitet/sotrudnikam; https://spbu.ru/vypusknikam; https://spbu.ru/rabotodatelyam; https://spbu.ru/postupayushchim; https://spbu.ru/postupayushchim/programms; https://spbu.ru/postupayushchim/programms/dopolnitelnyeprogrammy; https://spbu.ru/postupayushchim/calendar; https://spbu.ru/postupayushchim/podgotovka-k-ege; https://spbu.ru/universitet/onlayn-kursy-spbgu; https://spbu.ru/studentam; https://spbu.ru/studentam/centr-karer-spbgu; https://spbu.ru/studentam/praktika-po-modeli-kliniki-v-spbgu; https://spbu.ru/studentam/studencheskiy-sovet; https://spbu.ru/studentam/studencheskiy-kampus; https://spbu.ru/studentam/studencheskie-iniciativy; https://spbu.ru/studentam/inostrannym-studentam; https://spbu.ru/studentam/medicinskaya-pomosch; https://spbu.ru/studentam/socialnaya-zaschita; https://spbu.ru/studentam/otdykh; https://spbu.ru/studentam/sport-i-zdorovyy-obraz-zhizni; https://spbu.ru/studentam/zelenyy-universitet; https://spbu.ru/studentam/voinskiy-uchet; https://spbu.ru/partneram; https://spbu.ru/partneram/kriptoveche; https://spbu.ru/partneram/mpa; https://spbu.ru/partneram/research-ims-20; https://spbu.ru/partneram/setevye-programmy-spbgu; https://spbu.ru/posetitelyam; https://spbu.ru/contacts; https://spbu.ru/universitet; https://spbu.ru/history; https://spbu.ru/universitet/universitet-v-licakh; https://spbu.ru/universitet/virtualnye-ekskursii-po-universitetu; https://spbu.ru/rector; https://spbu.ru/universitet/podrazdeleniya-i-rukovodstvo; https://spbu.ru/universitet/uchebno-nauchnye-podrazdeleniya; https://spbu.ru/universitet/popechitelskiy-sovet; https://spbu.ru/universitet/muzei-i-kollekcii-spbgu; https://spbu.ru/universitet/partnery; https://spbu.ru/universitet/klinika-spbgu; https://spbu.ru/universitet/mezhdunarodnaya-deyatelnost; https://spbu.ru/universitet/endaument-fond-spbgu; https://spbu.ru/universitet/podrazdeleniya-i-rukovodstvo/uchenye-sovety/uchenyy-sovet-spbgu; https://spbu.ru/universitet/obedinennyy-arkhiv; https://spbu.ru/universitet/spbgu-cifrovoy-universitet; https://spbu.ru/education; https://spbu.ru/education/dopolnitelnoe-obrazovanie-v-spbgu; https://spbu.ru/education/centr-inklyuzivnogo-obrazovaniya; https://spbu.ru/postupayushchim/programms/bakalavriat; https://spbu.ru/nauka/laboratorii-i-centry/centr-monitoringa-kachestva-obrazovaniya-spbgu; https://spbu.ru/education/onlayn-kursy-spbgu; https://spbu.ru/nauka; https://spbu.ru/topics/1995; https://spbu.ru/nauka/nauchnyy-park; https://spbu.ru/nauka/laboratorii-i-centry; https://spbu.ru/nauka/uchenye-stepeni-v-spbgu; https://spbu.ru/nauka/nauchnaya-biblioteka-imeni-m-gorkogo; https://spbu.ru/nauka/oborudovanie-spbgu; https://spbu.ru/nauka/nauchnye-zhurnaly-spbgu; https://spbu.ru/nauka/pobediteli-konkursa-megagrantov; https://spbu.ru/nauka/nacionalnyy-proekt-nauka-i-universitety; https://spbu.ru/nauka/teologiya-v-spbgu; https://spbu.ru/nauka/arkticheskie-proekty-spbgu; https://spbu.ru/ekspertnyy-universitet; https://spbu.ru/ekspertnyy-universitet/centr-ekspertiz; https://spbu.ru/ekspertnyy-universitet/centr-prikladnoy-sociologii; https://spbu.ru/ekspertnyy-universitet/centr-mediacii-spbgu; https://spbu.ru/ekspertnyy-universitet/katalog-issledovaniy; https://spbu.ru/ekspertnyy-universitet/ekspertnye-zaklyucheniya; https://spbu.ru/ekspertnyy-universitet/ekspertiza-nauchnyh-rabot; https://spbu.ru/ekspertnyy-universitet/otzyvy-recenzii-i-rekomendatelnye-pisma; https://spbu.ru/ekspertnyy-universitet/mezhdisciplinarnyy-centr-issledovaniy-kontrolno-nadzornoy-deyatelnosti-v; https://spbu.ru/ekspertnyy-universitet/besplatnaya-pomoshch; https://spbu.ru/news-events; https://spbu.ru/openuniversity/documents/topics; https://spbu.ru/openuniversity/documents/main; https://spbu.ru/openuniversity/documents/povestka-dnya-zasedaniya-nauchnoy-komissii-v-oblasti-istorii-i-116; https://spbu.ru/openuniversity/documents/recenziya-na-statyu-mnogourovnevaya-i-razvetvlennaya-ierarkhiya-realnosti; https://spbu.ru/openuniversity/documents/protokol-zasedaniya-uchenogo-soveta-instituta-istorii-90; https://spbu.ru/openuniversity/documents/povestka-dnya-zasedaniya-uchenogo-soveta-fakulteta-svobodnykh-iskusstv-18; https://spbu.ru/openuniversity/documents/povestka-zasedaniya-uchenogo-soveta-fakulteta-psikhologii-9; https://spbu.ru/openuniversity/documents/povestka-zaochnogo-zasedaniya-uchebno-metodicheskoy-komissii-po-ugsn-47; https://spbu.ru/openuniversity/documents/povestka-dnya-zasedaniya-uchebno-metodicheskoy-komissii-po-ugsn-090000-91; https://spbu.ru/openuniversity/documents/ob-utverzhdenii-ranzhirovannogo-spiska-dlya-vypolneniya-universitetskogo-5; https://spbu.ru/openuniversity/documents/o-sozdanii-laboratorii-prikladnogo-programmnogo-obespecheniya; https://spbu.ru/openuniversity/documents/o-formirovanii-komissii-po-kontrolyu-za-vypolneniem-rabot-po-kontraktu-24; https://spbu.ru/openuniversity/documents/ustav-spbgu; https://spbu.ru/openuniversity/documents/svidetelstvo-o-gosudarstvennoy-akkreditacii; https://spbu.ru/openuniversity/documents/licenziya; https://spbu.ru/openuniversity/documents/pravila-obucheniya-po-osnovnym-obrazovatelnym-programmam-bakalavriata; https://spbu.ru/openuniversity/documents/obrazovatelnye-standarty; https://spbu.ru/openuniversity/documents/federalnii-zakon-259; https://spbu.ru/openuniversity/documents/programma-razvitiya-spbgu-na-2021-2030-gody; https://spbu.ru/openuniversity/documents/kodeks-universanta; https://spbu.ru/topics/4341; https://spbu.ru/topics/2391; https://spbu.ru/topics/2421; https://spbu.ru/topics/3593; https://spbu.ru/topics/1111; https://spbu.ru/topics/256; https://spbu.ru/topics/894; https://spbu.ru/topics/1694; https://spbu.ru/topics/2702; https://spbu.ru/topics/3815; https://spbu.ru/topics/1124; https://spbu.ru/topics/1860; https://spbu.ru/topics/3198; https://spbu.ru/topics/3800; https://spbu.ru/topics/1119; https://spbu.ru/topics/1117; https://spbu.ru/topics/66; https://spbu.ru/topics/4259; https://spbu.ru/topics/3202; https://spbu.ru/topics/2993; https://spbu.ru/topics/3385; https://spbu.ru/topics/3893; https://spbu.ru/topics/2992; https://spbu.ru/topics/898; https://spbu.ru/topics/3182; https://spbu.ru/topics/65; https://spbu.ru/topics/1122; https://spbu.ru/topics/3476; https://spbu.ru/topics/893; https://spbu.ru/topics/227; https://spbu.ru/topics/1123; https://spbu.ru/topics/4202; https://spbu.ru/topics/319; https://spbu.ru/topics/4681; https://spbu.ru/topics/1330; https://spbu.ru/topics/3875; https://spbu.ru/topics/887; https://spbu.ru/topics/4531; https://spbu.ru/topics/3436; https://spbu.ru/topics/877; https://spbu.ru/topics/3994; https://spbu.ru/topics/3404; https://spbu.ru/topics/751; https://spbu.ru/topics/3922; https://spbu.ru/topics/4282; https://spbu.ru/topics/3018; https://spbu.ru/topics/1707; https://spbu.ru/topics/2302; https://spbu.ru/topics/1793; https://spbu.ru/topics/4624; https://spbu.ru/topics/2169; https://spbu.ru/topics/4643; https://spbu.ru/topics/4642; https://spbu.ru/topics/2995; https://spbu.ru/topics/3344; https://spbu.ru/topics/4214; https://spbu.ru/topics/4522; https://spbu.ru/topics/4302; https://spbu.ru/topics/3482; https://spbu.ru/topics/1372; https://spbu.ru/topics/257; https://spbu.ru/topics/3943; https://spbu.ru/topics/3409; https://spbu.ru/topics/67; https://spbu.ru/topics/3766; https://spbu.ru/topics/4216; https://spbu.ru/topics/4197; https://spbu.ru/topics/889; https://spbu.ru/topics/3359; https://spbu.ru/topics/3935; https://spbu.ru/topics/3261; https://spbu.ru/topics/4686; https://spbu.ru/topics/4069; https://spbu.ru/topics/4028; https://spbu.ru/topics/3820; https://spbu.ru/topics/3764; https://spbu.ru/topics/4014; https://spbu.ru/topics/3374; https://spbu.ru/topics/3386; https://spbu.ru/topics/3660; https://spbu.ru/topics/1998; https://spbu.ru/topics/4281; https://spbu.ru/topics/1281; https://spbu.ru/topics/3757; https://spbu.ru/topics/1899; https://spbu.ru/topics/229; https://spbu.ru/topics/3370; https://spbu.ru/topics/3694; https://spbu.ru/topics/4000; https://spbu.ru/topics/3459; https://spbu.ru/topics/3458; https://spbu.ru/topics/2745; https://spbu.ru/topics/3400; https://spbu.ru/topics/3405; https://spbu.ru/topics/3407; https://spbu.ru/topics/118; https://spbu.ru/topics/3254; https://spbu.ru/topics/3667; https://spbu.ru/topics/3197; https://spbu.ru/topics/1593; https://spbu.ru/topics/234; https://spbu.ru/openuniversity/documents?page=1; https://spbu.ru/openuniversity/documents?page=2; https://spbu.ru/openuniversity/documents?page=3; https://spbu.ru/openuniversity/documents?page=4; https://spbu.ru/openuniversity/documents?page=5; https://spbu.ru/openuniversity/documents?page=6; https://spbu.ru/openuniversity/documents?page=7; https://spbu.ru/openuniversity/documents?page=8; https://spbu.ru/oficialnye-kanaly-spbgu; https://spbu.ru/postupayushchim/programms/dopolnitelnyeprogrammy?field=&audience=3491&type=&eduform=&op=%D0%9D%D0%90%D0%99%D0%A2%D0%98%20%D0%9F%D0%A0%D0%9E%D0%93%D0%A0%D0%90%D0%9C%D0%9C%D0%AB; https://spbu.ru/studentam/obuchenie; https://spbu.ru/studentam/centr-karery-spbgu; https://spbu.ru/universitet/podrazdeleniya-i-rukovodstvo/uchenye-sovety; https://spbu.ru/obshchestvennye-organizacii; https://spbu.ru/openuniversity/rabotodatelyam; https://spbu.ru/openuniversity/documents/rekvizity-spbgu; https://spbu.ru/studentam/praktika/praktika-po-modeli-kliniki-v-spbgu/socialnyy-centr-perevodov; https://spbu.ru/studentam/praktika/praktika-po-modeli-kliniki-v-spbgu/konfliktologicheskaya-klinika-sluzhba-mediacii; https://spbu.ru/news-events.xml; https://spbu.ru/universitet/regionalnoe-otdelenie-rossiyskogo-obschestva-znanie; https://spbu.ru/openuniversity/documents/soglasie-na-obrabotku-personalnykh-dannykh,http://guestbook.spbu.ru/; http://forum.spbu.ru/; http://abiturient.spbu.ru/; https://abiturient.spbu.ru/page-tselevoe-obuchenie-/; http://english.spbu.ru/; http://chinese.spbu.ru/; https://store.spbu.ru/; https://publishing.spbu.ru/; https://max.ru/spbuniversity1724?from=site; https://vk.com/spb1724?from=site; https://rutube.ru/channel/24725063/videos/?from=site; https://max.ru/id7801002274_gos9; https://teragerz.mave.digital/; https://abiturient.spbu.ru/; https://abiturient.spbu.ru/programs/onlayn-shkola-spbgu/; http://olympiada.spbu.ru/; https://abiturient.spbu.ru/info/general-info/dni-otkrytykh-dverey/; https://abiturient.spbu.ru/reception-foreign; https://abiturient.spbu.ru/page-lichnyy-kabinet/; http://timetable.spbu.ru/; http://psrs.spbu.ru/; https://ifea.spbu.ru/%D1%81%D1%82%D1%83%D0%B4%D0%B5%D0%BD%D1%82%D0%B0%D0%BC-%D1%81%D0%BF%D0%B1%D0%B3%D1%83; https://uosd.spbu.ru/; http://bb.spbu.ru/; http://my.spbu.ru/; http://www.library.spbu.ru/; https://research.spbu.ru/ru/; http://unipat.spbu.ru/; https://dltc.spbu.ru/; https://testingcenter.spbu.ru/ru/; http://www.psy.spbu.ru/department/psychcentre/sluzhba; http://www.econ.spbu.ru/ru/nauka/nauchnye-centry/centr-finansovoy-gramotnosti-0; http://abc.spbu.ru/; https://dspace.spbu.ru/; https://pay.spbu.ru/; https://max.ru/spbuniversity1724?from=fsite; https://vk.com/spb1724?from=fsite; https://rutube.ru/channel/24725063/videos/?from=fsite; https://minobrnauki.gov.ru/; https://edu.gov.ru/; http://drrk.ru/; http://petersburger-dialog.ru/; http://deasign.ru/; https://olympiada.spbu.ru/,227,44,271,
https://spbu.ru/openuniversity/documents/52,200,Ректорские совещания | Санкт-Петербургский государственный университет,1,"Ректорские совещания | Санкт-Петербургский государственный университет
Открытый университет
Сведения об образовательной организации
Политика открытости
Документы
Виртуальная приемная
Ректорские совещания
Материалы приема граждан
Перезагрузка
Работа в СПбГУ
Общественное обсуждение
Противодействие коррупции
Университет помогает в условиях специальной военной операции
Сотрудникам
Выпускникам
Работодателям
Поступающим
Приемная комиссия
Образовательные программы
Дополнительное образование
Календарь приема
Подготовка к ЕГЭ
Онлайн-курсы СПбГУ
Целевое обучение
Студентам
Центр карьер
Клиники СПбГУ
Студенческий совет
Студенческий кампус
Студенческие инициативы
Иностранным студентам
Медицинская помощь
Социальная защита
Отдых
Спорт и здоровый образ жизни
«Зеленый университет»
Воинский учет
Выпускникам
Партнерам
Криптовече
Многофункциональный платежный ассистент
Research IMS 2.0
Разработка онлайн-курсов
Сетевые программы
Посетителям
Контакты
EN
中文
Университет
История университета
Университет в лицах
Виртуальные экскурсии
Ректор СПбГУ
Подразделения и руководство
Учебно-научные подразделения
Попечительский совет
Музеи и коллекции СПбГУ
Партнеры
Клиника высоких медицинских технологий
Международная деятельность
Эндаумент-фонд
Ученый совет
Сувенирная продукция
Издательство СПбГУ
Объединенный архив СПбГУ
СПбГУ — цифровой университет
Наш университет
Образование
Дополнительное образование
Поступление в 2026 году
Центр инклюзивного образования
Образовательные программы
Приемная комиссия
Сведения об образовательной организации
Центр мониторинга качества образования
Онлайн-курсы СПбГУ
Клиники СПбГУ
Подробнее
Наука
Новости науки
Научный парк
Лаборатории и центры
Ученые степени в СПбГУ
Научная библиотека
Оборудование
Научные журналы
Победители конкурса мегагрантов
Наука и университеты
Теология в СПбГУ
Арктические проекты
Научный университет
Экспертиза
Центр экспертиз
Центр прикладной социологии
Центр медиации
Каталог исследований
Экспертные заключения
Экспертиза научных работ
Отзывы и рецензии
Центр исследований контрольно-надзорной деятельности
Бесплатная помощь
Экспертный университет
Новости и события
Контакты
Документы
Архив документов
Актуальные темы
Основные документы
Открытый университет
Документы
Ректорские совещания
Поиск по названию, описанию или номеру документа
Дата документа
Материалы ректорского совещания № 663
18 мая 2026
Материалы ректорского совещания № 662
12 мая 2026
Материалы ректорского совещания № 661
27 апреля 2026
Материалы ректорского совещания № 660
13 апреля 2026
Материалы ректорского совещания № 659
6 апреля 2026
Материалы ректорского совещания № 658
30 марта 2026
Материалы ректорского совещания № 657
23 марта 2026
Материалы ректорского совещания № 656
16 марта 2026
Материалы ректорского совещания № 655
10 марта 2026
Материалы ректорского совещания № 654
24 февраля 2026
Основные документы
Устав СПбГУ
Свидетельство о государственной аккредитации
Лицензия
Правила обучения
Образовательные стандарты
Закон №259-ФЗ «О Московском государственном университете имени М. В. Ломоносова и Санкт-Петербургском государственном университете»
Программа развития СПбГУ на 2021–2030 годы
Кодекс универсанта
1
Page
2
Page
3
Page
4
Page
5
Page
6
Page
7
Page
8
Page
9
…
Следующая страница
Next ›
Информация на странице была полезна?
Присоединяйтесь к нам в соцсетях
Поступающим
Студентам
Сотрудникам
Партнерам
Поступающим
Приемная комиссия
Образовательные программы
Дополнительное образование
Подготовка к ЕГЭ
Онлайн-школа СПбГУ
Олимпиада школьников
Дни открытых дверей
Профориентация школьников
Подготовительные курсы
Прием иностранцев
Личный кабинет поступающего
Целевое обучение
Студентам
Обучение
Расписание
Центр карьер СПбГУ
Олимпиада для студентов
Академическая мобильность
Стипендии
Библиотека
Общежития
Спорт
Отдых
Студенческий совет
Blackboard
Личный кабинет обучающегося
Сотрудникам
Работа в СПбГУ
Ректорские совещания
Ученый совет
Научный парк
Перезагрузка
Виртуальная приемная
Прием граждан
Библиотека
Система Pure
Патенты и трансфер технологий
Общественные организации
Партнерам
Научный парк
Работодателям
Экспертный университет
Разработка онлайн-курсов
Эндаумент-фонд
Клиники
Лаборатории и центры
Центр технологий распределенных реестров
Центр прикладной социологии
Центр медиации
Центр языкового тестирования
Выпускникам
Реквизиты СПбГУ
Консультации и сервисы:
Виртуальная приемная
Бесплатная юридическая помощь
Бесплатная психологическая помощь
Центр финансовой грамотности
Центр переводов
Служба медиации
Электронные сервисы
Общественное обсуждение
Репозиторий СПбГУ
Книги СПбГУ
Сувениры СПбГУ
Платежный сервис
RSS
MAX
ВКонтакте
Rutube
Минобрнауки РФ
Минпросвещения РФ
Российское общество «Знание»
Диалог Россия — Республика Корея
Петербургский диалог
Нажимая на кнопку «подписаться», вы даете согласие на
обработку своих персональных данных
.
© Санкт-Петербургский государственный университет, 2026
199034, Россия, Санкт-Петербург, Университетская набережная, д. 7–9
Сведения об образовательной организации
Противодействие коррупции
Реквизиты СПбГУ
Контакты
Сделано Deasign в сотрудничестве с СПбГУ
На данном информационном ресурсе могут быть опубликованы архивные материалы с упоминанием физических и юридических лиц, включенных Министерством юстиции Российской Федерации в реестр иностранных агентов, а также организаций, признанных экстремистскими и запрещенных на территории Российской Федерации.
Весь сайт
В новостях и событиях
В документах
Олимпиада школьников
Приемная комиссия СПбГУ
Образовательные программы
Виртуальная приемная
Подразделения и руководство
Документы
Контакты
Этот сайт использует cookies для сбора статистики и анализа работы сайта. Просим согласиться на сбор и обработку ваших метаданных или отключить cookies в настройках браузера.",https://spbu.ru/; https://spbu.ru/openuniversity; https://spbu.ru/sveden; https://spbu.ru/openuniversity/politika-otkrytosti; https://spbu.ru/openuniversity/documents; https://spbu.ru/openuniversity/documents/52; https://spbu.ru/openuniversity/documents/51; https://spbu.ru/openuniversity/perezagruzka; https://spbu.ru/rabota-v-spbgu; https://spbu.ru/openuniversity/protivodeystvie-korrupcii; https://spbu.ru/universitet-pomogaet-v-usloviyakh-specialnoy-voennoy-operacii; https://spbu.ru/universitet/sotrudnikam; https://spbu.ru/vypusknikam; https://spbu.ru/rabotodatelyam; https://spbu.ru/postupayushchim; https://spbu.ru/postupayushchim/programms; https://spbu.ru/postupayushchim/programms/dopolnitelnyeprogrammy; https://spbu.ru/postupayushchim/calendar; https://spbu.ru/postupayushchim/podgotovka-k-ege; https://spbu.ru/universitet/onlayn-kursy-spbgu; https://spbu.ru/studentam; https://spbu.ru/studentam/centr-karer-spbgu; https://spbu.ru/studentam/praktika-po-modeli-kliniki-v-spbgu; https://spbu.ru/studentam/studencheskiy-sovet; https://spbu.ru/studentam/studencheskiy-kampus; https://spbu.ru/studentam/studencheskie-iniciativy; https://spbu.ru/studentam/inostrannym-studentam; https://spbu.ru/studentam/medicinskaya-pomosch; https://spbu.ru/studentam/socialnaya-zaschita; https://spbu.ru/studentam/otdykh; https://spbu.ru/studentam/sport-i-zdorovyy-obraz-zhizni; https://spbu.ru/studentam/zelenyy-universitet; https://spbu.ru/studentam/voinskiy-uchet; https://spbu.ru/partneram; https://spbu.ru/partneram/kriptoveche; https://spbu.ru/partneram/mpa; https://spbu.ru/partneram/research-ims-20; https://spbu.ru/partneram/setevye-programmy-spbgu; https://spbu.ru/posetitelyam; https://spbu.ru/contacts; https://spbu.ru/universitet; https://spbu.ru/history; https://spbu.ru/universitet/universitet-v-licakh; https://spbu.ru/universitet/virtualnye-ekskursii-po-universitetu; https://spbu.ru/rector; https://spbu.ru/universitet/podrazdeleniya-i-rukovodstvo; https://spbu.ru/universitet/uchebno-nauchnye-podrazdeleniya; https://spbu.ru/universitet/popechitelskiy-sovet; https://spbu.ru/universitet/muzei-i-kollekcii-spbgu; https://spbu.ru/universitet/partnery; https://spbu.ru/universitet/klinika-spbgu; https://spbu.ru/universitet/mezhdunarodnaya-deyatelnost; https://spbu.ru/universitet/endaument-fond-spbgu; https://spbu.ru/universitet/podrazdeleniya-i-rukovodstvo/uchenye-sovety/uchenyy-sovet-spbgu; https://spbu.ru/universitet/obedinennyy-arkhiv; https://spbu.ru/universitet/spbgu-cifrovoy-universitet; https://spbu.ru/education; https://spbu.ru/education/dopolnitelnoe-obrazovanie-v-spbgu; https://spbu.ru/education/centr-inklyuzivnogo-obrazovaniya; https://spbu.ru/postupayushchim/programms/bakalavriat; https://spbu.ru/nauka/laboratorii-i-centry/centr-monitoringa-kachestva-obrazovaniya-spbgu; https://spbu.ru/education/onlayn-kursy-spbgu; https://spbu.ru/nauka; https://spbu.ru/topics/1995; https://spbu.ru/nauka/nauchnyy-park; https://spbu.ru/nauka/laboratorii-i-centry; https://spbu.ru/nauka/uchenye-stepeni-v-spbgu; https://spbu.ru/nauka/nauchnaya-biblioteka-imeni-m-gorkogo; https://spbu.ru/nauka/oborudovanie-spbgu; https://spbu.ru/nauka/nauchnye-zhurnaly-spbgu; https://spbu.ru/nauka/pobediteli-konkursa-megagrantov; https://spbu.ru/nauka/nacionalnyy-proekt-nauka-i-universitety; https://spbu.ru/nauka/teologiya-v-spbgu; https://spbu.ru/nauka/arkticheskie-proekty-spbgu; https://spbu.ru/ekspertnyy-universitet; https://spbu.ru/ekspertnyy-universitet/centr-ekspertiz; https://spbu.ru/ekspertnyy-universitet/centr-prikladnoy-sociologii; https://spbu.ru/ekspertnyy-universitet/centr-mediacii-spbgu; https://spbu.ru/ekspertnyy-universitet/katalog-issledovaniy; https://spbu.ru/ekspertnyy-universitet/ekspertnye-zaklyucheniya; https://spbu.ru/ekspertnyy-universitet/ekspertiza-nauchnyh-rabot; https://spbu.ru/ekspertnyy-universitet/otzyvy-recenzii-i-rekomendatelnye-pisma; https://spbu.ru/ekspertnyy-universitet/mezhdisciplinarnyy-centr-issledovaniy-kontrolno-nadzornoy-deyatelnosti-v; https://spbu.ru/ekspertnyy-universitet/besplatnaya-pomoshch; https://spbu.ru/news-events; https://spbu.ru/openuniversity/documents/topics; https://spbu.ru/openuniversity/documents/main; https://spbu.ru/openuniversity/documents/materialy-rektorskogo-soveschaniya-140; https://spbu.ru/openuniversity/documents/materialy-rektorskogo-soveschaniya-139; https://spbu.ru/openuniversity/documents/materialy-rektorskogo-soveschaniya-138; https://spbu.ru/openuniversity/documents/materialy-rektorskogo-soveschaniya-137; https://spbu.ru/openuniversity/documents/materialy-rektorskogo-soveschaniya-136; https://spbu.ru/openuniversity/documents/materialy-rektorskogo-soveschaniya-134; https://spbu.ru/openuniversity/documents/materialy-rektorskogo-soveschaniya-133; https://spbu.ru/openuniversity/documents/materialy-rektorskogo-soveschaniya-132; https://spbu.ru/openuniversity/documents/materialy-rektorskogo-soveschaniya-131; https://spbu.ru/openuniversity/documents/materialy-rektorskogo-soveschaniya-117; https://spbu.ru/openuniversity/documents/ustav-spbgu; https://spbu.ru/openuniversity/documents/svidetelstvo-o-gosudarstvennoy-akkreditacii; https://spbu.ru/openuniversity/documents/licenziya; https://spbu.ru/openuniversity/documents/pravila-obucheniya-po-osnovnym-obrazovatelnym-programmam-bakalavriata; https://spbu.ru/openuniversity/documents/obrazovatelnye-standarty; https://spbu.ru/openuniversity/documents/federalnii-zakon-259; https://spbu.ru/openuniversity/documents/programma-razvitiya-spbgu-na-2021-2030-gody; https://spbu.ru/openuniversity/documents/kodeks-universanta; https://spbu.ru/openuniversity/documents/52?page=1; https://spbu.ru/openuniversity/documents/52?page=2; https://spbu.ru/openuniversity/documents/52?page=3; https://spbu.ru/openuniversity/documents/52?page=4; https://spbu.ru/openuniversity/documents/52?page=5; https://spbu.ru/openuniversity/documents/52?page=6; https://spbu.ru/openuniversity/documents/52?page=7; https://spbu.ru/openuniversity/documents/52?page=8; https://spbu.ru/oficialnye-kanaly-spbgu; https://spbu.ru/postupayushchim/programms/dopolnitelnyeprogrammy?field=&audience=3491&type=&eduform=&op=%D0%9D%D0%90%D0%99%D0%A2%D0%98%20%D0%9F%D0%A0%D0%9E%D0%93%D0%A0%D0%90%D0%9C%D0%9C%D0%AB; https://spbu.ru/studentam/obuchenie; https://spbu.ru/studentam/centr-karery-spbgu; https://spbu.ru/universitet/podrazdeleniya-i-rukovodstvo/uchenye-sovety; https://spbu.ru/obshchestvennye-organizacii; https://spbu.ru/openuniversity/rabotodatelyam; https://spbu.ru/openuniversity/documents/rekvizity-spbgu; https://spbu.ru/studentam/praktika/praktika-po-modeli-kliniki-v-spbgu/socialnyy-centr-perevodov; https://spbu.ru/studentam/praktika/praktika-po-modeli-kliniki-v-spbgu/konfliktologicheskaya-klinika-sluzhba-mediacii; https://spbu.ru/news-events.xml; https://spbu.ru/universitet/regionalnoe-otdelenie-rossiyskogo-obschestva-znanie; https://spbu.ru/openuniversity/documents/soglasie-na-obrabotku-personalnykh-dannykh,http://guestbook.spbu.ru/; http://forum.spbu.ru/; http://abiturient.spbu.ru/; https://abiturient.spbu.ru/page-tselevoe-obuchenie-/; http://english.spbu.ru/; http://chinese.spbu.ru/; https://store.spbu.ru/; https://publishing.spbu.ru/; https://max.ru/spbuniversity1724?from=site; https://vk.com/spb1724?from=site; https://rutube.ru/channel/24725063/videos/?from=site; https://max.ru/id7801002274_gos9; https://teragerz.mave.digital/; https://abiturient.spbu.ru/; https://abiturient.spbu.ru/programs/onlayn-shkola-spbgu/; http://olympiada.spbu.ru/; https://abiturient.spbu.ru/info/general-info/dni-otkrytykh-dverey/; https://abiturient.spbu.ru/reception-foreign; https://abiturient.spbu.ru/page-lichnyy-kabinet/; http://timetable.spbu.ru/; http://psrs.spbu.ru/; https://ifea.spbu.ru/%D1%81%D1%82%D1%83%D0%B4%D0%B5%D0%BD%D1%82%D0%B0%D0%BC-%D1%81%D0%BF%D0%B1%D0%B3%D1%83; https://uosd.spbu.ru/; http://bb.spbu.ru/; http://my.spbu.ru/; http://www.library.spbu.ru/; https://research.spbu.ru/ru/; http://unipat.spbu.ru/; https://dltc.spbu.ru/; https://testingcenter.spbu.ru/ru/; http://www.psy.spbu.ru/department/psychcentre/sluzhba; http://www.econ.spbu.ru/ru/nauka/nauchnye-centry/centr-finansovoy-gramotnosti-0; http://abc.spbu.ru/; https://dspace.spbu.ru/; https://pay.spbu.ru/; https://max.ru/spbuniversity1724?from=fsite; https://vk.com/spb1724?from=fsite; https://rutube.ru/channel/24725063/videos/?from=fsite; https://minobrnauki.gov.ru/; https://edu.gov.ru/; http://drrk.ru/; http://petersburger-dialog.ru/; http://deasign.ru/; https://olympiada.spbu.ru/,126,44,170,
https://spbu.ru/openuniversity/documents/51,200,Материалы приема граждан | Санкт-Петербургский государственный университет,1,"Материалы приема граждан | Санкт-Петербургский государственный университет
Открытый университет
Сведения об образовательной организации
Политика открытости
Документы
Виртуальная приемная
Ректорские совещания
Материалы приема граждан
Перезагрузка
Работа в СПбГУ
Общественное обсуждение
Противодействие коррупции
Университет помогает в условиях специальной военной операции
Сотрудникам
Выпускникам
Работодателям
Поступающим
Приемная комиссия
Образовательные программы
Дополнительное образование
Календарь приема
Подготовка к ЕГЭ
Онлайн-курсы СПбГУ
Целевое обучение
Студентам
Центр карьер
Клиники СПбГУ
Студенческий совет
Студенческий кампус
Студенческие инициативы
Иностранным студентам
Медицинская помощь
Социальная защита
Отдых
Спорт и здоровый образ жизни
«Зеленый университет»
Воинский учет
Выпускникам
Партнерам
Криптовече
Многофункциональный платежный ассистент
Research IMS 2.0
Разработка онлайн-курсов
Сетевые программы
Посетителям
Контакты
EN
中文
Университет
История университета
Университет в лицах
Виртуальные экскурсии
Ректор СПбГУ
Подразделения и руководство
Учебно-научные подразделения
Попечительский совет
Музеи и коллекции СПбГУ
Партнеры
Клиника высоких медицинских технологий
Международная деятельность
Эндаумент-фонд
Ученый совет
Сувенирная продукция
Издательство СПбГУ
Объединенный архив СПбГУ
СПбГУ — цифровой университет
Наш университет
Образование
Дополнительное образование
Поступление в 2026 году
Центр инклюзивного образования
Образовательные программы
Приемная комиссия
Сведения об образовательной организации
Центр мониторинга качества образования
Онлайн-курсы СПбГУ
Клиники СПбГУ
Подробнее
Наука
Новости науки
Научный парк
Лаборатории и центры
Ученые степени в СПбГУ
Научная библиотека
Оборудование
Научные журналы
Победители конкурса мегагрантов
Наука и университеты
Теология в СПбГУ
Арктические проекты
Научный университет
Экспертиза
Центр экспертиз
Центр прикладной социологии
Центр медиации
Каталог исследований
Экспертные заключения
Экспертиза научных работ
Отзывы и рецензии
Центр исследований контрольно-надзорной деятельности
Бесплатная помощь
Экспертный университет
Новости и события
Контакты
Документы
Архив документов
Актуальные темы
Основные документы
Открытый университет
Документы
Материалы приема граждан
Поиск по названию, описанию или номеру документа
Дата документа
Материалы приема граждан
7 апреля 2026
Материалы приема граждан
17 февраля 2026
Материалы приема граждан
3 февраля 2026
Материалы приема граждан
27 января 2026
Материалы приема граждан
20 января 2026
Материалы приема граждан
2 декабря 2025
Материалы приема граждан
11 ноября 2025
Материалы приема граждан
23 сентября 2025
Материалы приема граждан
9 сентября 2025
Материалы приема граждан
12 августа 2025
Основные документы
Устав СПбГУ
Свидетельство о государственной аккредитации
Лицензия
Правила обучения
Образовательные стандарты
Закон №259-ФЗ «О Московском государственном университете имени М. В. Ломоносова и Санкт-Петербургском государственном университете»
Программа развития СПбГУ на 2021–2030 годы
Кодекс универсанта
1
Page
2
Page
3
Page
4
Page
5
Page
6
Page
7
Page
8
Page
9
…
Следующая страница
Next ›
Информация на странице была полезна?
Присоединяйтесь к нам в соцсетях
Поступающим
Студентам
Сотрудникам
Партнерам
Поступающим
Приемная комиссия
Образовательные программы
Дополнительное образование
Подготовка к ЕГЭ
Онлайн-школа СПбГУ
Олимпиада школьников
Дни открытых дверей
Профориентация школьников
Подготовительные курсы
Прием иностранцев
Личный кабинет поступающего
Целевое обучение
Студентам
Обучение
Расписание
Центр карьер СПбГУ
Олимпиада для студентов
Академическая мобильность
Стипендии
Библиотека
Общежития
Спорт
Отдых
Студенческий совет
Blackboard
Личный кабинет обучающегося
Сотрудникам
Работа в СПбГУ
Ректорские совещания
Ученый совет
Научный парк
Перезагрузка
Виртуальная приемная
Прием граждан
Библиотека
Система Pure
Патенты и трансфер технологий
Общественные организации
Партнерам
Научный парк
Работодателям
Экспертный университет
Разработка онлайн-курсов
Эндаумент-фонд
Клиники
Лаборатории и центры
Центр технологий распределенных реестров
Центр прикладной социологии
Центр медиации
Центр языкового тестирования
Выпускникам
Реквизиты СПбГУ
Консультации и сервисы:
Виртуальная приемная
Бесплатная юридическая помощь
Бесплатная психологическая помощь
Центр финансовой грамотности
Центр переводов
Служба медиации
Электронные сервисы
Общественное обсуждение
Репозиторий СПбГУ
Книги СПбГУ
Сувениры СПбГУ
Платежный сервис
RSS
MAX
ВКонтакте
Rutube
Минобрнауки РФ
Минпросвещения РФ
Российское общество «Знание»
Диалог Россия — Республика Корея
Петербургский диалог
Нажимая на кнопку «подписаться», вы даете согласие на
обработку своих персональных данных
.
© Санкт-Петербургский государственный университет, 2026
199034, Россия, Санкт-Петербург, Университетская набережная, д. 7–9
Сведения об образовательной организации
Противодействие коррупции
Реквизиты СПбГУ
Контакты
Сделано Deasign в сотрудничестве с СПбГУ
На данном информационном ресурсе могут быть опубликованы архивные материалы с упоминанием физических и юридических лиц, включенных Министерством юстиции Российской Федерации в реестр иностранных агентов, а также организаций, признанных экстремистскими и запрещенных на территории Российской Федерации.
Весь сайт
В новостях и событиях
В документах
Олимпиада школьников
Приемная комиссия СПбГУ
Образовательные программы
Виртуальная приемная
Подразделения и руководство
Документы
Контакты
Этот сайт использует cookies для сбора статистики и анализа работы сайта. Просим согласиться на сбор и обработку ваших метаданных или отключить cookies в настройках браузера.",https://spbu.ru/; https://spbu.ru/openuniversity; https://spbu.ru/sveden; https://spbu.ru/openuniversity/politika-otkrytosti; https://spbu.ru/openuniversity/documents; https://spbu.ru/openuniversity/documents/52; https://spbu.ru/openuniversity/documents/51; https://spbu.ru/openuniversity/perezagruzka; https://spbu.ru/rabota-v-spbgu; https://spbu.ru/openuniversity/protivodeystvie-korrupcii; https://spbu.ru/universitet-pomogaet-v-usloviyakh-specialnoy-voennoy-operacii; https://spbu.ru/universitet/sotrudnikam; https://spbu.ru/vypusknikam; https://spbu.ru/rabotodatelyam; https://spbu.ru/postupayushchim; https://spbu.ru/postupayushchim/programms; https://spbu.ru/postupayushchim/programms/dopolnitelnyeprogrammy; https://spbu.ru/postupayushchim/calendar; https://spbu.ru/postupayushchim/podgotovka-k-ege; https://spbu.ru/universitet/onlayn-kursy-spbgu; https://spbu.ru/studentam; https://spbu.ru/studentam/centr-karer-spbgu; https://spbu.ru/studentam/praktika-po-modeli-kliniki-v-spbgu; https://spbu.ru/studentam/studencheskiy-sovet; https://spbu.ru/studentam/studencheskiy-kampus; https://spbu.ru/studentam/studencheskie-iniciativy; https://spbu.ru/studentam/inostrannym-studentam; https://spbu.ru/studentam/medicinskaya-pomosch; https://spbu.ru/studentam/socialnaya-zaschita; https://spbu.ru/studentam/otdykh; https://spbu.ru/studentam/sport-i-zdorovyy-obraz-zhizni; https://spbu.ru/studentam/zelenyy-universitet; https://spbu.ru/studentam/voinskiy-uchet; https://spbu.ru/partneram; https://spbu.ru/partneram/kriptoveche; https://spbu.ru/partneram/mpa; https://spbu.ru/partneram/research-ims-20; https://spbu.ru/partneram/setevye-programmy-spbgu; https://spbu.ru/posetitelyam; https://spbu.ru/contacts; https://spbu.ru/universitet; https://spbu.ru/history; https://spbu.ru/universitet/universitet-v-licakh; https://spbu.ru/universitet/virtualnye-ekskursii-po-universitetu; https://spbu.ru/rector; https://spbu.ru/universitet/podrazdeleniya-i-rukovodstvo; https://spbu.ru/universitet/uchebno-nauchnye-podrazdeleniya; https://spbu.ru/universitet/popechitelskiy-sovet; https://spbu.ru/universitet/muzei-i-kollekcii-spbgu; https://spbu.ru/universitet/partnery; https://spbu.ru/universitet/klinika-spbgu; https://spbu.ru/universitet/mezhdunarodnaya-deyatelnost; https://spbu.ru/universitet/endaument-fond-spbgu; https://spbu.ru/universitet/podrazdeleniya-i-rukovodstvo/uchenye-sovety/uchenyy-sovet-spbgu; https://spbu.ru/universitet/obedinennyy-arkhiv; https://spbu.ru/universitet/spbgu-cifrovoy-universitet; https://spbu.ru/education; https://spbu.ru/education/dopolnitelnoe-obrazovanie-v-spbgu; https://spbu.ru/education/centr-inklyuzivnogo-obrazovaniya; https://spbu.ru/postupayushchim/programms/bakalavriat; https://spbu.ru/nauka/laboratorii-i-centry/centr-monitoringa-kachestva-obrazovaniya-spbgu; https://spbu.ru/education/onlayn-kursy-spbgu; https://spbu.ru/nauka; https://spbu.ru/topics/1995; https://spbu.ru/nauka/nauchnyy-park; https://spbu.ru/nauka/laboratorii-i-centry; https://spbu.ru/nauka/uchenye-stepeni-v-spbgu; https://spbu.ru/nauka/nauchnaya-biblioteka-imeni-m-gorkogo; https://spbu.ru/nauka/oborudovanie-spbgu; https://spbu.ru/nauka/nauchnye-zhurnaly-spbgu; https://spbu.ru/nauka/pobediteli-konkursa-megagrantov; https://spbu.ru/nauka/nacionalnyy-proekt-nauka-i-universitety; https://spbu.ru/nauka/teologiya-v-spbgu; https://spbu.ru/nauka/arkticheskie-proekty-spbgu; https://spbu.ru/ekspertnyy-universitet; https://spbu.ru/ekspertnyy-universitet/centr-ekspertiz; https://spbu.ru/ekspertnyy-universitet/centr-prikladnoy-sociologii; https://spbu.ru/ekspertnyy-universitet/centr-mediacii-spbgu; https://spbu.ru/ekspertnyy-universitet/katalog-issledovaniy; https://spbu.ru/ekspertnyy-universitet/ekspertnye-zaklyucheniya; https://spbu.ru/ekspertnyy-universitet/ekspertiza-nauchnyh-rabot; https://spbu.ru/ekspertnyy-universitet/otzyvy-recenzii-i-rekomendatelnye-pisma; https://spbu.ru/ekspertnyy-universitet/mezhdisciplinarnyy-centr-issledovaniy-kontrolno-nadzornoy-deyatelnosti-v; https://spbu.ru/ekspertnyy-universitet/besplatnaya-pomoshch; https://spbu.ru/news-events; https://spbu.ru/openuniversity/documents/topics; https://spbu.ru/openuniversity/documents/main; https://spbu.ru/openuniversity/documents/materialy-priema-grazhdan-406; https://spbu.ru/openuniversity/documents/materialy-priema-grazhdan-405; https://spbu.ru/openuniversity/documents/materialy-priema-grazhdan-403; https://spbu.ru/openuniversity/documents/materialy-priema-grazhdan-402; https://spbu.ru/openuniversity/documents/materialy-priema-grazhdan-404; https://spbu.ru/openuniversity/documents/materialy-priema-grazhdan-401; https://spbu.ru/openuniversity/documents/materialy-priema-grazhdan-400; https://spbu.ru/openuniversity/documents/materialy-priema-grazhdan-399; https://spbu.ru/openuniversity/documents/materialy-priema-grazhdan-398; https://spbu.ru/openuniversity/documents/materialy-priema-grazhdan-395; https://spbu.ru/openuniversity/documents/ustav-spbgu; https://spbu.ru/openuniversity/documents/svidetelstvo-o-gosudarstvennoy-akkreditacii; https://spbu.ru/openuniversity/documents/licenziya; https://spbu.ru/openuniversity/documents/pravila-obucheniya-po-osnovnym-obrazovatelnym-programmam-bakalavriata; https://spbu.ru/openuniversity/documents/obrazovatelnye-standarty; https://spbu.ru/openuniversity/documents/federalnii-zakon-259; https://spbu.ru/openuniversity/documents/programma-razvitiya-spbgu-na-2021-2030-gody; https://spbu.ru/openuniversity/documents/kodeks-universanta; https://spbu.ru/openuniversity/documents/51?page=1; https://spbu.ru/openuniversity/documents/51?page=2; https://spbu.ru/openuniversity/documents/51?page=3; https://spbu.ru/openuniversity/documents/51?page=4; https://spbu.ru/openuniversity/documents/51?page=5; https://spbu.ru/openuniversity/documents/51?page=6; https://spbu.ru/openuniversity/documents/51?page=7; https://spbu.ru/openuniversity/documents/51?page=8; https://spbu.ru/oficialnye-kanaly-spbgu; https://spbu.ru/postupayushchim/programms/dopolnitelnyeprogrammy?field=&audience=3491&type=&eduform=&op=%D0%9D%D0%90%D0%99%D0%A2%D0%98%20%D0%9F%D0%A0%D0%9E%D0%93%D0%A0%D0%90%D0%9C%D0%9C%D0%AB; https://spbu.ru/studentam/obuchenie; https://spbu.ru/studentam/centr-karery-spbgu; https://spbu.ru/universitet/podrazdeleniya-i-rukovodstvo/uchenye-sovety; https://spbu.ru/obshchestvennye-organizacii; https://spbu.ru/openuniversity/rabotodatelyam; https://spbu.ru/openuniversity/documents/rekvizity-spbgu; https://spbu.ru/studentam/praktika/praktika-po-modeli-kliniki-v-spbgu/socialnyy-centr-perevodov; https://spbu.ru/studentam/praktika/praktika-po-modeli-kliniki-v-spbgu/konfliktologicheskaya-klinika-sluzhba-mediacii; https://spbu.ru/news-events.xml; https://spbu.ru/universitet/regionalnoe-otdelenie-rossiyskogo-obschestva-znanie; https://spbu.ru/openuniversity/documents/soglasie-na-obrabotku-personalnykh-dannykh,http://guestbook.spbu.ru/; http://forum.spbu.ru/; http://abiturient.spbu.ru/; https://abiturient.spbu.ru/page-tselevoe-obuchenie-/; http://english.spbu.ru/; http://chinese.spbu.ru/; https://store.spbu.ru/; https://publishing.spbu.ru/; https://max.ru/spbuniversity1724?from=site; https://vk.com/spb1724?from=site; https://rutube.ru/channel/24725063/videos/?from=site; https://max.ru/id7801002274_gos9; https://teragerz.mave.digital/; https://abiturient.spbu.ru/; https://abiturient.spbu.ru/programs/onlayn-shkola-spbgu/; http://olympiada.spbu.ru/; https://abiturient.spbu.ru/info/general-info/dni-otkrytykh-dverey/; https://abiturient.spbu.ru/reception-foreign; https://abiturient.spbu.ru/page-lichnyy-kabinet/; http://timetable.spbu.ru/; http://psrs.spbu.ru/; https://ifea.spbu.ru/%D1%81%D1%82%D1%83%D0%B4%D0%B5%D0%BD%D1%82%D0%B0%D0%BC-%D1%81%D0%BF%D0%B1%D0%B3%D1%83; https://uosd.spbu.ru/; http://bb.spbu.ru/; http://my.spbu.ru/; http://www.library.spbu.ru/; https://research.spbu.ru/ru/; http://unipat.spbu.ru/; https://dltc.spbu.ru/; https://testingcenter.spbu.ru/ru/; http://www.psy.spbu.ru/department/psychcentre/sluzhba; http://www.econ.spbu.ru/ru/nauka/nauchnye-centry/centr-finansovoy-gramotnosti-0; http://abc.spbu.ru/; https://dspace.spbu.ru/; https://pay.spbu.ru/; https://max.ru/spbuniversity1724?from=fsite; https://vk.com/spb1724?from=fsite; https://rutube.ru/channel/24725063/videos/?from=fsite; https://minobrnauki.gov.ru/; https://edu.gov.ru/; http://drrk.ru/; http://petersburger-dialog.ru/; http://deasign.ru/; https://olympiada.spbu.ru/,126,44,170,
https://spbu.ru/openuniversity/perezagruzka,200,Перезагрузка | Санкт-Петербургский государственный университет,1,"Перезагрузка | Санкт-Петербургский государственный университет
Открытый университет
Сведения об образовательной организации
Политика открытости
Документы
Виртуальная приемная
Ректорские совещания
Материалы приема граждан
Перезагрузка
Работа в СПбГУ
Общественное обсуждение
Противодействие коррупции
Университет помогает в условиях специальной военной операции
Сотрудникам
Выпускникам
Работодателям
Поступающим
Приемная комиссия
Образовательные программы
Дополнительное образование
Календарь приема
Подготовка к ЕГЭ
Онлайн-курсы СПбГУ
Целевое обучение
Студентам
Центр карьер
Клиники СПбГУ
Студенческий совет
Студенческий кампус
Студенческие инициативы
Иностранным студентам
Медицинская помощь
Социальная защита
Отдых
Спорт и здоровый образ жизни
«Зеленый университет»
Воинский учет
Выпускникам
Партнерам
Криптовече
Многофункциональный платежный ассистент
Research IMS 2.0
Разработка онлайн-курсов
Сетевые программы
Посетителям
Контакты
EN
中文
Университет
История университета
Университет в лицах
Виртуальные экскурсии
Ректор СПбГУ
Подразделения и руководство
Учебно-научные подразделения
Попечительский совет
Музеи и коллекции СПбГУ
Партнеры
Клиника высоких медицинских технологий
Международная деятельность
Эндаумент-фонд
Ученый совет
Сувенирная продукция
Издательство СПбГУ
Объединенный архив СПбГУ
СПбГУ — цифровой университет
Наш университет
Образование
Дополнительное образование
Поступление в 2026 году
Центр инклюзивного образования
Образовательные программы
Приемная комиссия
Сведения об образовательной организации
Центр мониторинга качества образования
Онлайн-курсы СПбГУ
Клиники СПбГУ
Подробнее
Наука
Новости науки
Научный парк
Лаборатории и центры
Ученые степени в СПбГУ
Научная библиотека
Оборудование
Научные журналы
Победители конкурса мегагрантов
Наука и университеты
Теология в СПбГУ
Арктические проекты
Научный университет
Экспертиза
Центр экспертиз
Центр прикладной социологии
Центр медиации
Каталог исследований
Экспертные заключения
Экспертиза научных работ
Отзывы и рецензии
Центр исследований контрольно-надзорной деятельности
Бесплатная помощь
Экспертный университет
Новости и события
Контакты
Открытый университет
Политика открытости
Сотрудникам
Работодателям
Противодействие коррупции
Перезагрузка
Документы
Виртуальная приемная
Ректорские совещания
Материалы приема граждан
Перезагрузка
Международная деятельность
Международная и профессионально-общественная аккредитация
Эндаумент-фонд СПбГУ
Открытый университет
Перезагрузка
Политика открытости
Сотрудникам
Работодателям
Противодействие коррупции
Перезагрузка
Документы
Виртуальная приемная
Ректорские совещания
Материалы приема граждан
Перезагрузка
Международная деятельность
Международная и профессионально-общественная аккредитация
Эндаумент-фонд СПбГУ
СПбГУ — первый университет России — активно развивающийся научный и образовательный центр мирового значения. В последние годы в  Университете происходят коренные изменения, определяющие его развитие на многие годы вперед.
Сегодня в СПбГУ планомерно создаются единые правила и комфортные условия для успешной научной и преподавательской деятельности, жизни и учебы студентов. Прежде для обучающихся на разных образовательных программах существовали различные условия: отличалось количество возможных пересдач, время для подготовки к экзаменам, отличались и правила для назначения стипендии и поселения в общежития. А научно-педагогические работники были практически лишены возможности использовать научное оборудование и претендовать на служебное жилье. Кроме того, не было средств для поддержки молодых ученых, а зарплата научно-педагогических работников СПбГУ была ниже зарплат в вузах Петербурга.
О том, как создаются комфортные условия для жизни, учебы и работы универсантов, о том, как в течение последних лет меняется Университет — в материалах рубрики «Перезагрузка», которые постоянно дополняются и обновляются.
Сообщество выпускников Университета: от ликвидированной через суд ассоциации до эффективного управления
Читать
Прошлое и настоящее: от межфакультетских программ — к междисциплинарным
Читать
Собственные ученые степени СПбГУ: прошлое и настоящее
Читать
Шаги к открытому приему
Читать
Несанкционированные перепланировки и реконструкции помещений в зданиях Университета
Читать
Лечебница для книг
Читать
Материалы «Перезагрузки»
Перезагрузка:
Новейшая история Университета в документах. Почему так и не было построено новое здание для Научной библиотеки?
13 мая 2026
Перезагрузка
Перезагрузка:
От портретов избранных — к системной работе по увековечению памяти выдающихся универсантов
3 марта 2026
Перезагрузка
Перезагрузка:
Сообщество выпускников Университета: от ликвидированной через суд ассоциации до эффективного управления
2 марта 2026
Перезагрузка
Перезагрузка:
Факультет математики и компьютерных наук: история и современность
13 января 2026
Перезагрузка
Перезагрузка:
Омоложение научно‑педагогического коллектива СПбГУ: цели, задачи, практический опыт
5 августа 2024
Перезагрузка
Перезагрузка:
Теология в СПбГУ: прошлое и настоящее
26 декабря 2023
Перезагрузка
Перезагрузка:
Спасибо, что конца урокам нет... (Академическая гимназия: прошлое и настоящее)
15 сентября 2023
Перезагрузка
Перезагрузка:
Как в Университете появились юристы — бакалавры и магистранты?
25 августа 2023
Перезагрузка
Перезагрузка:
Как оживить «мертвые души»?
1 августа 2023
Перезагрузка
Перезагрузка:
Бухгалтерский учет в СПбГУ: прошлое и настоящее
7 апреля 2023
Перезагрузка
Все материалы
Информация на странице была полезна?
Присоединяйтесь к нам в соцсетях
Поступающим
Студентам
Сотрудникам
Партнерам
Поступающим
Приемная комиссия
Образовательные программы
Дополнительное образование
Подготовка к ЕГЭ
Онлайн-школа СПбГУ
Олимпиада школьников
Дни открытых дверей
Профориентация школьников
Подготовительные курсы
Прием иностранцев
Личный кабинет поступающего
Целевое обучение
Студентам
Обучение
Расписание
Центр карьер СПбГУ
Олимпиада для студентов
Академическая мобильность
Стипендии
Библиотека
Общежития
Спорт
Отдых
Студенческий совет
Blackboard
Личный кабинет обучающегося
Сотрудникам
Работа в СПбГУ
Ректорские совещания
Ученый совет
Научный парк
Перезагрузка
Виртуальная приемная
Прием граждан
Библиотека
Система Pure
Патенты и трансфер технологий
Общественные организации
Партнерам
Научный парк
Работодателям
Экспертный университет
Разработка онлайн-курсов
Эндаумент-фонд
Клиники
Лаборатории и центры
Центр технологий распределенных реестров
Центр прикладной социологии
Центр медиации
Центр языкового тестирования
Выпускникам
Реквизиты СПбГУ
Консультации и сервисы:
Виртуальная приемная
Бесплатная юридическая помощь
Бесплатная психологическая помощь
Центр финансовой грамотности
Центр переводов
Служба медиации
Электронные сервисы
Общественное обсуждение
Репозиторий СПбГУ
Книги СПбГУ
Сувениры СПбГУ
Платежный сервис
RSS
MAX
ВКонтакте
Rutube
Минобрнауки РФ
Минпросвещения РФ
Российское общество «Знание»
Диалог Россия — Республика Корея
Петербургский диалог
Нажимая на кнопку «подписаться», вы даете согласие на
обработку своих персональных данных
.
© Санкт-Петербургский государственный университет, 2026
199034, Россия, Санкт-Петербург, Университетская набережная, д. 7–9
Сведения об образовательной организации
Противодействие коррупции
Реквизиты СПбГУ
Контакты
Сделано Deasign в сотрудничестве с СПбГУ
На данном информационном ресурсе могут быть опубликованы архивные материалы с упоминанием физических и юридических лиц, включенных Министерством юстиции Российской Федерации в реестр иностранных агентов, а также организаций, признанных экстремистскими и запрещенных на территории Российской Федерации.
Весь сайт
В новостях и событиях
В документах
Олимпиада школьников
Приемная комиссия СПбГУ
Образовательные программы
Виртуальная приемная
Подразделения и руководство
Документы
Контакты
Этот сайт использует cookies для сбора статистики и анализа работы сайта. Просим согласиться на сбор и обработку ваших метаданных или отключить cookies в настройках браузера.",https://spbu.ru/; https://spbu.ru/openuniversity; https://spbu.ru/sveden; https://spbu.ru/openuniversity/politika-otkrytosti; https://spbu.ru/openuniversity/documents; https://spbu.ru/openuniversity/documents/52; https://spbu.ru/openuniversity/documents/51; https://spbu.ru/openuniversity/perezagruzka; https://spbu.ru/rabota-v-spbgu; https://spbu.ru/openuniversity/protivodeystvie-korrupcii; https://spbu.ru/universitet-pomogaet-v-usloviyakh-specialnoy-voennoy-operacii; https://spbu.ru/universitet/sotrudnikam; https://spbu.ru/vypusknikam; https://spbu.ru/rabotodatelyam; https://spbu.ru/postupayushchim; https://spbu.ru/postupayushchim/programms; https://spbu.ru/postupayushchim/programms/dopolnitelnyeprogrammy; https://spbu.ru/postupayushchim/calendar; https://spbu.ru/postupayushchim/podgotovka-k-ege; https://spbu.ru/universitet/onlayn-kursy-spbgu; https://spbu.ru/studentam; https://spbu.ru/studentam/centr-karer-spbgu; https://spbu.ru/studentam/praktika-po-modeli-kliniki-v-spbgu; https://spbu.ru/studentam/studencheskiy-sovet; https://spbu.ru/studentam/studencheskiy-kampus; https://spbu.ru/studentam/studencheskie-iniciativy; https://spbu.ru/studentam/inostrannym-studentam; https://spbu.ru/studentam/medicinskaya-pomosch; https://spbu.ru/studentam/socialnaya-zaschita; https://spbu.ru/studentam/otdykh; https://spbu.ru/studentam/sport-i-zdorovyy-obraz-zhizni; https://spbu.ru/studentam/zelenyy-universitet; https://spbu.ru/studentam/voinskiy-uchet; https://spbu.ru/partneram; https://spbu.ru/partneram/kriptoveche; https://spbu.ru/partneram/mpa; https://spbu.ru/partneram/research-ims-20; https://spbu.ru/partneram/setevye-programmy-spbgu; https://spbu.ru/posetitelyam; https://spbu.ru/contacts; https://spbu.ru/universitet; https://spbu.ru/history; https://spbu.ru/universitet/universitet-v-licakh; https://spbu.ru/universitet/virtualnye-ekskursii-po-universitetu; https://spbu.ru/rector; https://spbu.ru/universitet/podrazdeleniya-i-rukovodstvo; https://spbu.ru/universitet/uchebno-nauchnye-podrazdeleniya; https://spbu.ru/universitet/popechitelskiy-sovet; https://spbu.ru/universitet/muzei-i-kollekcii-spbgu; https://spbu.ru/universitet/partnery; https://spbu.ru/universitet/klinika-spbgu; https://spbu.ru/universitet/mezhdunarodnaya-deyatelnost; https://spbu.ru/universitet/endaument-fond-spbgu; https://spbu.ru/universitet/podrazdeleniya-i-rukovodstvo/uchenye-sovety/uchenyy-sovet-spbgu; https://spbu.ru/universitet/obedinennyy-arkhiv; https://spbu.ru/universitet/spbgu-cifrovoy-universitet; https://spbu.ru/education; https://spbu.ru/education/dopolnitelnoe-obrazovanie-v-spbgu; https://spbu.ru/education/centr-inklyuzivnogo-obrazovaniya; https://spbu.ru/postupayushchim/programms/bakalavriat; https://spbu.ru/nauka/laboratorii-i-centry/centr-monitoringa-kachestva-obrazovaniya-spbgu; https://spbu.ru/education/onlayn-kursy-spbgu; https://spbu.ru/nauka; https://spbu.ru/topics/1995; https://spbu.ru/nauka/nauchnyy-park; https://spbu.ru/nauka/laboratorii-i-centry; https://spbu.ru/nauka/uchenye-stepeni-v-spbgu; https://spbu.ru/nauka/nauchnaya-biblioteka-imeni-m-gorkogo; https://spbu.ru/nauka/oborudovanie-spbgu; https://spbu.ru/nauka/nauchnye-zhurnaly-spbgu; https://spbu.ru/nauka/pobediteli-konkursa-megagrantov; https://spbu.ru/nauka/nacionalnyy-proekt-nauka-i-universitety; https://spbu.ru/nauka/teologiya-v-spbgu; https://spbu.ru/nauka/arkticheskie-proekty-spbgu; https://spbu.ru/ekspertnyy-universitet; https://spbu.ru/ekspertnyy-universitet/centr-ekspertiz; https://spbu.ru/ekspertnyy-universitet/centr-prikladnoy-sociologii; https://spbu.ru/ekspertnyy-universitet/centr-mediacii-spbgu; https://spbu.ru/ekspertnyy-universitet/katalog-issledovaniy; https://spbu.ru/ekspertnyy-universitet/ekspertnye-zaklyucheniya; https://spbu.ru/ekspertnyy-universitet/ekspertiza-nauchnyh-rabot; https://spbu.ru/ekspertnyy-universitet/otzyvy-recenzii-i-rekomendatelnye-pisma; https://spbu.ru/ekspertnyy-universitet/mezhdisciplinarnyy-centr-issledovaniy-kontrolno-nadzornoy-deyatelnosti-v; https://spbu.ru/ekspertnyy-universitet/besplatnaya-pomoshch; https://spbu.ru/news-events; https://spbu.ru/mezhdunarodnaya-deyatelnost; https://spbu.ru/sveden/kachestvo-obrazovaniya; https://spbu.ru/news-events/perezagruzka/soobschestvo-vypusknikov-universiteta-ot-likvidirovannoy-cherez-sud; https://spbu.ru/news-events/krupnym-planom/proshloe-i-nastoyashchee-ot-mezhfakultetskih-programm-k; https://spbu.ru/news-events/krupnym-planom/sobstvennye-uchenye-stepeni-spbgu-proshloe-i-nastoyashchee; https://spbu.ru/news-events/krupnym-planom/shagi-k-otkrytomu-priemu; https://spbu.ru/news-events/krupnym-planom/nesankcionirovannye-pereplanirovki-i-rekonstrukcii-pomeshcheniy-v; https://spbu.ru/news-events/krupnym-planom/lechebnica-dlya-knig; https://spbu.ru/topics/para_33183; https://spbu.ru/news-events/perezagruzka/noveyshaya-istoriya-universiteta-v-dokumentakh-pochemu-tak-i-ne-bylo; https://spbu.ru/news-events/perezagruzka; https://spbu.ru/news-events/perezagruzka/ot-portretov-izbrannykh-k-sistemnoy-rabote-po-uvekovecheniyu-pamyati; https://spbu.ru/news-events/perezagruzka/fakultet-matematiki-i-kompyuternykh-nauk-istoriya-i-sovremennost; https://spbu.ru/news-events/perezagruzka/omolozhenie-nauchno-pedagogicheskogo-kollektiva-spbgu-celi-zadachi; https://spbu.ru/news-events/perezagruzka/teologiya-v-spbgu-proshloe-i-nastoyaschee; https://spbu.ru/news-events/perezagruzka/spasibo-chto-konca-urokam-net-akademicheskaya-gimnaziya-proshloe-i; https://spbu.ru/news-events/krupnym-planom/kak-v-universitete-poyavilis-bakalavry-i-magistranty; https://spbu.ru/news-events/perezagruzka/kak-ozhivit-mertvye-dushi; https://spbu.ru/news-events/perezagruzka/bukhgalterskiy-uchet-v-spbgu-proshloe-i-nastoyaschee; https://spbu.ru/oficialnye-kanaly-spbgu; https://spbu.ru/postupayushchim/programms/dopolnitelnyeprogrammy?field=&audience=3491&type=&eduform=&op=%D0%9D%D0%90%D0%99%D0%A2%D0%98%20%D0%9F%D0%A0%D0%9E%D0%93%D0%A0%D0%90%D0%9C%D0%9C%D0%AB; https://spbu.ru/studentam/obuchenie; https://spbu.ru/studentam/centr-karery-spbgu; https://spbu.ru/universitet/podrazdeleniya-i-rukovodstvo/uchenye-sovety; https://spbu.ru/obshchestvennye-organizacii; https://spbu.ru/openuniversity/rabotodatelyam; https://spbu.ru/openuniversity/documents/rekvizity-spbgu; https://spbu.ru/studentam/praktika/praktika-po-modeli-kliniki-v-spbgu/socialnyy-centr-perevodov; https://spbu.ru/studentam/praktika/praktika-po-modeli-kliniki-v-spbgu/konfliktologicheskaya-klinika-sluzhba-mediacii; https://spbu.ru/news-events.xml; https://spbu.ru/universitet/regionalnoe-otdelenie-rossiyskogo-obschestva-znanie; https://spbu.ru/openuniversity/documents/soglasie-na-obrabotku-personalnykh-dannykh,http://guestbook.spbu.ru/; http://forum.spbu.ru/; http://abiturient.spbu.ru/; https://abiturient.spbu.ru/page-tselevoe-obuchenie-/; http://english.spbu.ru/; http://chinese.spbu.ru/; https://store.spbu.ru/; https://publishing.spbu.ru/; https://max.ru/spbuniversity1724?from=site; https://vk.com/spb1724?from=site; https://rutube.ru/channel/24725063/videos/?from=site; https://max.ru/id7801002274_gos9; https://teragerz.mave.digital/; https://abiturient.spbu.ru/; https://abiturient.spbu.ru/programs/onlayn-shkola-spbgu/; http://olympiada.spbu.ru/; https://abiturient.spbu.ru/info/general-info/dni-otkrytykh-dverey/; https://abiturient.spbu.ru/reception-foreign; https://abiturient.spbu.ru/page-lichnyy-kabinet/; http://timetable.spbu.ru/; http://psrs.spbu.ru/; https://ifea.spbu.ru/%D1%81%D1%82%D1%83%D0%B4%D0%B5%D0%BD%D1%82%D0%B0%D0%BC-%D1%81%D0%BF%D0%B1%D0%B3%D1%83; https://uosd.spbu.ru/; http://bb.spbu.ru/; http://my.spbu.ru/; http://www.library.spbu.ru/; https://research.spbu.ru/ru/; http://unipat.spbu.ru/; https://dltc.spbu.ru/; https://testingcenter.spbu.ru/ru/; http://www.psy.spbu.ru/department/psychcentre/sluzhba; http://www.econ.spbu.ru/ru/nauka/nauchnye-centry/centr-finansovoy-gramotnosti-0; http://abc.spbu.ru/; https://dspace.spbu.ru/; https://pay.spbu.ru/; https://max.ru/spbuniversity1724?from=fsite; https://vk.com/spb1724?from=fsite; https://rutube.ru/channel/24725063/videos/?from=fsite; https://minobrnauki.gov.ru/; https://edu.gov.ru/; http://drrk.ru/; http://petersburger-dialog.ru/; http://deasign.ru/; https://olympiada.spbu.ru/,117,44,161,
https://spbu.ru/rabota-v-spbgu,200,Работа в СПбГУ | Санкт-Петербургский государственный университет,1,"Работа в СПбГУ | Санкт-Петербургский государственный университет
Открытый университет
Сведения об образовательной организации
Политика открытости
Документы
Виртуальная приемная
Ректорские совещания
Материалы приема граждан
Перезагрузка
Работа в СПбГУ
Общественное обсуждение
Противодействие коррупции
Университет помогает в условиях специальной военной операции
Сотрудникам
Выпускникам
Работодателям
Поступающим
Приемная комиссия
Образовательные программы
Дополнительное образование
Календарь приема
Подготовка к ЕГЭ
Онлайн-курсы СПбГУ
Целевое обучение
Студентам
Центр карьер
Клиники СПбГУ
Студенческий совет
Студенческий кампус
Студенческие инициативы
Иностранным студентам
Медицинская помощь
Социальная защита
Отдых
Спорт и здоровый образ жизни
«Зеленый университет»
Воинский учет
Выпускникам
Партнерам
Криптовече
Многофункциональный платежный ассистент
Research IMS 2.0
Разработка онлайн-курсов
Сетевые программы
Посетителям
Контакты
EN
中文
Университет
История университета
Университет в лицах
Виртуальные экскурсии
Ректор СПбГУ
Подразделения и руководство
Учебно-научные подразделения
Попечительский совет
Музеи и коллекции СПбГУ
Партнеры
Клиника высоких медицинских технологий
Международная деятельность
Эндаумент-фонд
Ученый совет
Сувенирная продукция
Издательство СПбГУ
Объединенный архив СПбГУ
СПбГУ — цифровой университет
Наш университет
Образование
Дополнительное образование
Поступление в 2026 году
Центр инклюзивного образования
Образовательные программы
Приемная комиссия
Сведения об образовательной организации
Центр мониторинга качества образования
Онлайн-курсы СПбГУ
Клиники СПбГУ
Подробнее
Наука
Новости науки
Научный парк
Лаборатории и центры
Ученые степени в СПбГУ
Научная библиотека
Оборудование
Научные журналы
Победители конкурса мегагрантов
Наука и университеты
Теология в СПбГУ
Арктические проекты
Научный университет
Экспертиза
Центр экспертиз
Центр прикладной социологии
Центр медиации
Каталог исследований
Экспертные заключения
Экспертиза научных работ
Отзывы и рецензии
Центр исследований контрольно-надзорной деятельности
Бесплатная помощь
Экспертный университет
Новости и события
Контакты
Работа в СПбГУ
Вакансии АУП
Конкурсы НПР
Основные документы
Права и обязанности работников
Учебно-методические стажировки на базе СПбГУ
Работа в СПбГУ
Вакансии АУП
Конкурсы НПР
Основные документы
Права и обязанности работников
Учебно-методические стажировки на базе СПбГУ
Университет всегда ждет талантливых научно‑педагогических и административных работников.
Конкуренция достойных — это наиболее эффективный способ отбора талантливых и перспективных работников.
294
соискателей приняли участие в альтернативных конкурсах на замещение должностей научно‑педагогических работников (НПР) в 2024 году.
В Университете проводятся конкурсы по
29 областям знаний
. В 2024 году по 19 областям знаний конкурсы прошли на альтернативной основе.
Как стать частью команды СПбГУ? Создан
сайт
, где можно ознакомиться с конкурсами на замещение должностей научно‑педагогических работников (
НПР
) и с вакансиями для административно‑управленческого персонала (
АУП
).
Конкурсы на замещение должностей НПР являются открытыми, и принять в них участие может любой желающий.
Преимущества работы в СПбГУ
Высокая заработная плата
В 2024 году средняя зарплата НПР составила 166 446 рублей в месяц. Средняя зарплата АУП составила 174 584 рублей в месяц.
Различные виды материального и нематериального стимулирования
В Университете действует несколько форм материальной помощи работникам. Существуют социальные выплаты в денежной форме, которые предоставляются сотрудникам при тех или иных обстоятельствах, льготы и формы социальной помощи
Меры поддержки
Конкурсы для молодых НПР
Университет реализует специальные программы поддержки талантливой молодежи. В 2024 году проведено 16 конкурсов для молодых талантливых преподавателей и исследователей
Бессрочные трудовые договоры для НПР
С 2015 года в СПбГУ заключаются бессрочные трудовые договоры с наиболее результативными НПР. На 2020 год в СПбГУ заключено более 20 бессрочных трудовых договоров с НПР.
Внутренние научные гранты
НПР предоставляется возможность выиграть грант СПбГУ на проведение научных исследований, организацию конференции, зарубежную поездку.
Научные конкурсы СПбГУ
Доступ к оборудованию Научного парка
Научный парк включает в себя 23 ресурсных центра, предоставляющих доступ к уникальному, современному оборудованию для проведения исследований.
Научный парк
Доступ к библиотечным ресурсам и наукометрическим базам
Научная библиотека имени М. Горького насчитывает более 7 млн научных изданий и все НПР имеют доступ к полнотекстовым базам научных публикаций.
Научная библиотека
Талантливые и заинтересованные студенты
Средний балл по ЕГЭ у первокурсников СПбГУ, зачисленных в 2024 году, составил более 90 баллов.
Современные информационные технологии
Университет использует современные базы данных и технологии организации дистанционного обучения (система Pure, электронный документооборот, Blackboard, Moodle, MS Teams, система электронного голосования «КриптоВече» и пр.).
Документы
Об утверждении Положения о конкурсе на замещение вакантной должности преподавательского состава основного общего, среднего общего и среднего профессионального образования
30 декабря 2025
Приказ
Контакты
Лаура Ефимовна Усеинова
Проректор по организации работы с персоналом
hr@spbu.ru
+7 (812) 324-25-75
Суворова Ольга Сергеевна
И. о. начальника Управления кадров
hr@spbu.ru
+7 (812) 363-60-11
Андрей Владимирович Морозов
Начальник Управления по работе с персоналом
personnel@spbu.ru
+7 (812) 363-60-45
Вакансии и конкурсы СПбГУ
Памятка для иностранных граждан, поступающих на работу и учебу в СПбГУ
Информация на странице была полезна?
Присоединяйтесь к нам в соцсетях
Поступающим
Студентам
Сотрудникам
Партнерам
Поступающим
Приемная комиссия
Образовательные программы
Дополнительное образование
Подготовка к ЕГЭ
Онлайн-школа СПбГУ
Олимпиада школьников
Дни открытых дверей
Профориентация школьников
Подготовительные курсы
Прием иностранцев
Личный кабинет поступающего
Целевое обучение
Студентам
Обучение
Расписание
Центр карьер СПбГУ
Олимпиада для студентов
Академическая мобильность
Стипендии
Библиотека
Общежития
Спорт
Отдых
Студенческий совет
Blackboard
Личный кабинет обучающегося
Сотрудникам
Работа в СПбГУ
Ректорские совещания
Ученый совет
Научный парк
Перезагрузка
Виртуальная приемная
Прием граждан
Библиотека
Система Pure
Патенты и трансфер технологий
Общественные организации
Партнерам
Научный парк
Работодателям
Экспертный университет
Разработка онлайн-курсов
Эндаумент-фонд
Клиники
Лаборатории и центры
Центр технологий распределенных реестров
Центр прикладной социологии
Центр медиации
Центр языкового тестирования
Выпускникам
Реквизиты СПбГУ
Консультации и сервисы:
Виртуальная приемная
Бесплатная юридическая помощь
Бесплатная психологическая помощь
Центр финансовой грамотности
Центр переводов
Служба медиации
Электронные сервисы
Общественное обсуждение
Репозиторий СПбГУ
Книги СПбГУ
Сувениры СПбГУ
Платежный сервис
RSS
MAX
ВКонтакте
Rutube
Минобрнауки РФ
Минпросвещения РФ
Российское общество «Знание»
Диалог Россия — Республика Корея
Петербургский диалог
Нажимая на кнопку «подписаться», вы даете согласие на
обработку своих персональных данных
.
© Санкт-Петербургский государственный университет, 2026
199034, Россия, Санкт-Петербург, Университетская набережная, д. 7–9
Сведения об образовательной организации
Противодействие коррупции
Реквизиты СПбГУ
Контакты
Сделано Deasign в сотрудничестве с СПбГУ
На данном информационном ресурсе могут быть опубликованы архивные материалы с упоминанием физических и юридических лиц, включенных Министерством юстиции Российской Федерации в реестр иностранных агентов, а также организаций, признанных экстремистскими и запрещенных на территории Российской Федерации.
Весь сайт
В новостях и событиях
В документах
Олимпиада школьников
Приемная комиссия СПбГУ
Образовательные программы
Виртуальная приемная
Подразделения и руководство
Документы
Контакты
Этот сайт использует cookies для сбора статистики и анализа работы сайта. Просим согласиться на сбор и обработку ваших метаданных или отключить cookies в настройках браузера.",https://spbu.ru/; https://spbu.ru/openuniversity; https://spbu.ru/sveden; https://spbu.ru/openuniversity/politika-otkrytosti; https://spbu.ru/openuniversity/documents; https://spbu.ru/openuniversity/documents/52; https://spbu.ru/openuniversity/documents/51; https://spbu.ru/openuniversity/perezagruzka; https://spbu.ru/rabota-v-spbgu; https://spbu.ru/openuniversity/protivodeystvie-korrupcii; https://spbu.ru/universitet-pomogaet-v-usloviyakh-specialnoy-voennoy-operacii; https://spbu.ru/universitet/sotrudnikam; https://spbu.ru/vypusknikam; https://spbu.ru/rabotodatelyam; https://spbu.ru/postupayushchim; https://spbu.ru/postupayushchim/programms; https://spbu.ru/postupayushchim/programms/dopolnitelnyeprogrammy; https://spbu.ru/postupayushchim/calendar; https://spbu.ru/postupayushchim/podgotovka-k-ege; https://spbu.ru/universitet/onlayn-kursy-spbgu; https://spbu.ru/studentam; https://spbu.ru/studentam/centr-karer-spbgu; https://spbu.ru/studentam/praktika-po-modeli-kliniki-v-spbgu; https://spbu.ru/studentam/studencheskiy-sovet; https://spbu.ru/studentam/studencheskiy-kampus; https://spbu.ru/studentam/studencheskie-iniciativy; https://spbu.ru/studentam/inostrannym-studentam; https://spbu.ru/studentam/medicinskaya-pomosch; https://spbu.ru/studentam/socialnaya-zaschita; https://spbu.ru/studentam/otdykh; https://spbu.ru/studentam/sport-i-zdorovyy-obraz-zhizni; https://spbu.ru/studentam/zelenyy-universitet; https://spbu.ru/studentam/voinskiy-uchet; https://spbu.ru/partneram; https://spbu.ru/partneram/kriptoveche; https://spbu.ru/partneram/mpa; https://spbu.ru/partneram/research-ims-20; https://spbu.ru/partneram/setevye-programmy-spbgu; https://spbu.ru/posetitelyam; https://spbu.ru/contacts; https://spbu.ru/universitet; https://spbu.ru/history; https://spbu.ru/universitet/universitet-v-licakh; https://spbu.ru/universitet/virtualnye-ekskursii-po-universitetu; https://spbu.ru/rector; https://spbu.ru/universitet/podrazdeleniya-i-rukovodstvo; https://spbu.ru/universitet/uchebno-nauchnye-podrazdeleniya; https://spbu.ru/universitet/popechitelskiy-sovet; https://spbu.ru/universitet/muzei-i-kollekcii-spbgu; https://spbu.ru/universitet/partnery; https://spbu.ru/universitet/klinika-spbgu; https://spbu.ru/universitet/mezhdunarodnaya-deyatelnost; https://spbu.ru/universitet/endaument-fond-spbgu; https://spbu.ru/universitet/podrazdeleniya-i-rukovodstvo/uchenye-sovety/uchenyy-sovet-spbgu; https://spbu.ru/universitet/obedinennyy-arkhiv; https://spbu.ru/universitet/spbgu-cifrovoy-universitet; https://spbu.ru/education; https://spbu.ru/education/dopolnitelnoe-obrazovanie-v-spbgu; https://spbu.ru/education/centr-inklyuzivnogo-obrazovaniya; https://spbu.ru/postupayushchim/programms/bakalavriat; https://spbu.ru/nauka/laboratorii-i-centry/centr-monitoringa-kachestva-obrazovaniya-spbgu; https://spbu.ru/education/onlayn-kursy-spbgu; https://spbu.ru/nauka; https://spbu.ru/topics/1995; https://spbu.ru/nauka/nauchnyy-park; https://spbu.ru/nauka/laboratorii-i-centry; https://spbu.ru/nauka/uchenye-stepeni-v-spbgu; https://spbu.ru/nauka/nauchnaya-biblioteka-imeni-m-gorkogo; https://spbu.ru/nauka/oborudovanie-spbgu; https://spbu.ru/nauka/nauchnye-zhurnaly-spbgu; https://spbu.ru/nauka/pobediteli-konkursa-megagrantov; https://spbu.ru/nauka/nacionalnyy-proekt-nauka-i-universitety; https://spbu.ru/nauka/teologiya-v-spbgu; https://spbu.ru/nauka/arkticheskie-proekty-spbgu; https://spbu.ru/ekspertnyy-universitet; https://spbu.ru/ekspertnyy-universitet/centr-ekspertiz; https://spbu.ru/ekspertnyy-universitet/centr-prikladnoy-sociologii; https://spbu.ru/ekspertnyy-universitet/centr-mediacii-spbgu; https://spbu.ru/ekspertnyy-universitet/katalog-issledovaniy; https://spbu.ru/ekspertnyy-universitet/ekspertnye-zaklyucheniya; https://spbu.ru/ekspertnyy-universitet/ekspertiza-nauchnyh-rabot; https://spbu.ru/ekspertnyy-universitet/otzyvy-recenzii-i-rekomendatelnye-pisma; https://spbu.ru/ekspertnyy-universitet/mezhdisciplinarnyy-centr-issledovaniy-kontrolno-nadzornoy-deyatelnosti-v; https://spbu.ru/ekspertnyy-universitet/besplatnaya-pomoshch; https://spbu.ru/news-events; https://spbu.ru/openuniversity/documents/uchebno-metodicheskie-stazhirovki-na-baze-spbgu; https://spbu.ru/openuniversity/documents/ob-utverzhdenii-polozheniya-o-konkurse-na-zameschenie-vakantnoy-dolzhnosti; https://spbu.ru/sites/default/files/2025-05/pamyatka-dlya-inostrannykh-grazhdan.pdf; https://spbu.ru/oficialnye-kanaly-spbgu; https://spbu.ru/postupayushchim/programms/dopolnitelnyeprogrammy?field=&audience=3491&type=&eduform=&op=%D0%9D%D0%90%D0%99%D0%A2%D0%98%20%D0%9F%D0%A0%D0%9E%D0%93%D0%A0%D0%90%D0%9C%D0%9C%D0%AB; https://spbu.ru/studentam/obuchenie; https://spbu.ru/studentam/centr-karery-spbgu; https://spbu.ru/universitet/podrazdeleniya-i-rukovodstvo/uchenye-sovety; https://spbu.ru/obshchestvennye-organizacii; https://spbu.ru/openuniversity/rabotodatelyam; https://spbu.ru/openuniversity/documents/rekvizity-spbgu; https://spbu.ru/studentam/praktika/praktika-po-modeli-kliniki-v-spbgu/socialnyy-centr-perevodov; https://spbu.ru/studentam/praktika/praktika-po-modeli-kliniki-v-spbgu/konfliktologicheskaya-klinika-sluzhba-mediacii; https://spbu.ru/news-events.xml; https://spbu.ru/universitet/regionalnoe-otdelenie-rossiyskogo-obschestva-znanie; https://spbu.ru/openuniversity/documents/soglasie-na-obrabotku-personalnykh-dannykh,http://guestbook.spbu.ru/; http://forum.spbu.ru/; http://abiturient.spbu.ru/; https://abiturient.spbu.ru/page-tselevoe-obuchenie-/; http://english.spbu.ru/; http://chinese.spbu.ru/; https://store.spbu.ru/; https://publishing.spbu.ru/; https://hr.spbu.ru/vacansii.html; https://hr.spbu.ru/konkursy.html; https://hr.spbu.ru/; https://hr.spbu.ru/employee/work-ethic/employer-rights.html; https://hr.spbu.ru/employee/mery-podderzhki.html; https://nauka.spbu.ru/competitions.html; https://researchpark.spbu.ru/; http://www.library.spbu.ru/; https://max.ru/spbuniversity1724?from=site; https://vk.com/spb1724?from=site; https://rutube.ru/channel/24725063/videos/?from=site; https://max.ru/id7801002274_gos9; https://teragerz.mave.digital/; https://abiturient.spbu.ru/; https://abiturient.spbu.ru/programs/onlayn-shkola-spbgu/; http://olympiada.spbu.ru/; https://abiturient.spbu.ru/info/general-info/dni-otkrytykh-dverey/; https://abiturient.spbu.ru/reception-foreign; https://abiturient.spbu.ru/page-lichnyy-kabinet/; http://timetable.spbu.ru/; http://psrs.spbu.ru/; https://ifea.spbu.ru/%D1%81%D1%82%D1%83%D0%B4%D0%B5%D0%BD%D1%82%D0%B0%D0%BC-%D1%81%D0%BF%D0%B1%D0%B3%D1%83; https://uosd.spbu.ru/; http://bb.spbu.ru/; http://my.spbu.ru/; https://research.spbu.ru/ru/; http://unipat.spbu.ru/; https://dltc.spbu.ru/; https://testingcenter.spbu.ru/ru/; http://www.psy.spbu.ru/department/psychcentre/sluzhba; http://www.econ.spbu.ru/ru/nauka/nauchnye-centry/centr-finansovoy-gramotnosti-0; http://abc.spbu.ru/; https://dspace.spbu.ru/; https://pay.spbu.ru/; https://max.ru/spbuniversity1724?from=fsite; https://vk.com/spb1724?from=fsite; https://rutube.ru/channel/24725063/videos/?from=fsite; https://minobrnauki.gov.ru/; https://edu.gov.ru/; http://drrk.ru/; http://petersburger-dialog.ru/; http://deasign.ru/; https://olympiada.spbu.ru/,101,51,152,
https://spbu.ru/openuniversity/protivodeystvie-korrupcii,200,Противодействие коррупции | Санкт-Петербургский государственный университет,1,"Противодействие коррупции | Санкт-Петербургский государственный университет
Открытый университет
Сведения об образовательной организации
Политика открытости
Документы
Виртуальная приемная
Ректорские совещания
Материалы приема граждан
Перезагрузка
Работа в СПбГУ
Общественное обсуждение
Противодействие коррупции
Университет помогает в условиях специальной военной операции
Сотрудникам
Выпускникам
Работодателям
Поступающим
Приемная комиссия
Образовательные программы
Дополнительное образование
Календарь приема
Подготовка к ЕГЭ
Онлайн-курсы СПбГУ
Целевое обучение
Студентам
Центр карьер
Клиники СПбГУ
Студенческий совет
Студенческий кампус
Студенческие инициативы
Иностранным студентам
Медицинская помощь
Социальная защита
Отдых
Спорт и здоровый образ жизни
«Зеленый университет»
Воинский учет
Выпускникам
Партнерам
Криптовече
Многофункциональный платежный ассистент
Research IMS 2.0
Разработка онлайн-курсов
Сетевые программы
Посетителям
Контакты
EN
中文
Университет
История университета
Университет в лицах
Виртуальные экскурсии
Ректор СПбГУ
Подразделения и руководство
Учебно-научные подразделения
Попечительский совет
Музеи и коллекции СПбГУ
Партнеры
Клиника высоких медицинских технологий
Международная деятельность
Эндаумент-фонд
Ученый совет
Сувенирная продукция
Издательство СПбГУ
Объединенный архив СПбГУ
СПбГУ — цифровой университет
Наш университет
Образование
Дополнительное образование
Поступление в 2026 году
Центр инклюзивного образования
Образовательные программы
Приемная комиссия
Сведения об образовательной организации
Центр мониторинга качества образования
Онлайн-курсы СПбГУ
Клиники СПбГУ
Подробнее
Наука
Новости науки
Научный парк
Лаборатории и центры
Ученые степени в СПбГУ
Научная библиотека
Оборудование
Научные журналы
Победители конкурса мегагрантов
Наука и университеты
Теология в СПбГУ
Арктические проекты
Научный университет
Экспертиза
Центр экспертиз
Центр прикладной социологии
Центр медиации
Каталог исследований
Экспертные заключения
Экспертиза научных работ
Отзывы и рецензии
Центр исследований контрольно-надзорной деятельности
Бесплатная помощь
Экспертный университет
Новости и события
Контакты
Открытый университет
Политика открытости
Сотрудникам
Работодателям
Противодействие коррупции
План противодействия коррупции в вузах
Публикации о мерах по противодействию коррупции
Перезагрузка
Документы
Виртуальная приемная
Ректорские совещания
Материалы приема граждан
Перезагрузка
Международная деятельность
Международная и профессионально-общественная аккредитация
Эндаумент-фонд СПбГУ
Открытый университет
Противодействие коррупции
Политика открытости
Сотрудникам
Работодателям
Противодействие коррупции
План противодействия коррупции в вузах
Публикации о мерах по противодействию коррупции
Перезагрузка
Документы
Виртуальная приемная
Ректорские совещания
Материалы приема граждан
Перезагрузка
Международная деятельность
Международная и профессионально-общественная аккредитация
Эндаумент-фонд СПбГУ
Публикации о мерах по противодействию коррупции
Уважаемые универсанты, гости портала Санкт-Петербургского университета!
Противодействие коррупции — значимое направление деятельности СПбГУ. Оно пронизывает все сферы университетской жизни: образование, науку, экспертную и административную деятельность. Не секрет, что еще в 1999 году стремление победить коррупцию встречало
серьезное сопротивление
(
Увольнение Н. М. Кропачева за противодействие коррупции
).
К настоящему моменту у Санкт-Петербургского государственного университета накоплен значительный опыт выявления и пресечения коррупционных рисков, которым мы готовы делиться. Так, на заседании рабочей группы президиума Совета при президенте РФ по противодействию коррупции, которое состоялось в марте 2017 года, Университетом был представлен собственный план противодействия коррупции в вузах. С утвержденным
Планом антикоррупционных мероприятий в СПбГУ на 2025-2028 годы
можно ознакомиться на сайте СПбГУ.
Сегодня прием абитуриентов в Санкт-Петербургский университет отвечает принципам
прозрачности и открытости
. Мы четко разграничиваем академические и административные полномочия сотрудников и организуем открытое обсуждение на портале СПбГУ финансово-хозяйственных вопросов. Вся актуальная информация о конкурсных процедурах, закупках, грантах, решениях и документах размещается на сайте, с 2016 года там же публикуются выпускные квалификационные работы. Защиты диссертационных работ транслируются в Интернете, а материалы с прошедших защит хранятся в открытом доступе.
послание к Федеральному собранию 1 марта 2018 года
Цифровизация всей системы государственного управления, повышение ее прозрачности — это мощный фактор противодействия коррупции.
Президент Российской Федерации Владимир Путин
Активно развиваются цифровые ресурсы: в Университете действует система электронного документооборота, обеспечивающая эффективную кадровую работу и максимальную прозрачность административного процесса. Широко используются формы обратной связи — так,
Виртуальная приемная СПбГУ
позволяет любому желающему получить ответы на свои вопросы напрямую от должностных лиц Университета. Также любой желающий может принять участие в проверке выполненных работ, затрагивающих интересы сотрудников или обучающихся СПбГУ, — например, осуществления закупки научного оборудования, ремонтных работ, оснащения аудиторий и других.
Политика гласности находит свое отражение не только в документах и порядке организации работы, но в публикации значимой и резонансной информации. Как показывает практика,
предание гласности
попыток отдельных лиц нарушить закон и обойти существующие правила значительно уменьшает количество просьб «закрыть глаза на небольшой нюанс», а
размещение материалов
, раскрывающих коррупционные проблемы в ретроспективе, позволяет планировать дальнейшую работу по пресечению неправомерных действий.
В 2024 году Министерство юстиции Российской Федерации аккредитовало Санкт-Петербургский государственный университет в качестве независимого эксперта, уполномоченного на проведение антикоррупционной экспертизы нормативных правовых актов и проектов нормативных правовых актов в случаях, предусмотренных законодательством Российской Федерации.
На портале СПбГУ противодействию коррупции посвящен
отдельный раздел
. Здесь вы можете ознакомиться с публикациями, методическими материалами, нормативными правовыми актами в сфере противодействия коррупции, данными по антикоррупционной экспертизе, сведениями о доходах, об имуществе и обязательствах имущественного характера ректора и проректоров СПбГУ. Кроме этого, в этом разделе вы можете заявить о существующих проблемах, заполнив форму обратной связи. Вместе мы сможем повысить эффективность этой работы.
Противодействие преступлениям, совершаемым с использованием современных коммуникационных технологий
Подробнее
Как не стать жертвой мошенников и как самому не стать преступником?
Подробнее
Сообщите о коррупции
Имя
Телефон
E-mail
Текст обращения
Я согласен(а) на обработку приведенных в форме моих персональных данных (Ф.И.О., контактная информация) СПбГУ.
Я проинформирован(а), что под обработкой персональных данных понимаются действия (операции) с персональными данными в рамках ФЗ «О персональных данных». Против проверки сообщенных мною сведений не возражаю.
CAPTCHA
Этот вопрос задается для того, чтобы выяснить, являетесь ли Вы человеком или представляете из себя автоматическую спам-рассылку.
Публикации
Александр Соловьев: «Менее 5 % бюджетных средств СПбГУ расходуются на неконкурентной основе»
18 июля 2023
Новости
Эксперты СПбГУ помогут государственным органам, компаниям и частным лицам проанализировать практику применения законов и иных нормативных правовых актов
27 апреля 2022
Новости
За 2021 год специалисты СПбГУ подготовили около 350 экспертных заключений
19 апреля 2022
Новости
Соблюдение законов: как в СПбГУ проходит профилактика коррупции
23 августа 2021
Новости
СПбГУ усиливает меры по контролю над проведением ремонтных работ
10 августа 2021
Новости
СПбГУ — лучший университет России по качеству финансового менеджмента
7 июня 2021
Новости
Прием бывших госслужащих на работу в СПбГУ
11 января 2021
Новости
Честный конкурс и открытые закупки: в СПбГУ обсудили организацию питания для гимназистов
25 декабря 2020
Новости
Социологи России и Китая сравнили современные меры по борьбе с коррупцией
27 октября 2020
Новости
Всероссийский криминологический журнал:
Комплекс мер антикоррупционной направленности в государственных и муниципальных учреждениях
30 апреля 2020
Университет в СМИ
Объявления
О проведении круглого стола
19 мая 2026
Объявление
О проведении круглого стола
13 мая 2026
Объявление
О проведении круглого стола
5 мая 2026
Объявление
Все объявления
Нормативные правовые акты Российской Федерации в сфере противодействия коррупции
Трудовой кодекс Российской Федерации
Федеральный закон от 25 декабря 2008 года № 273-ФЗ «О противодействии коррупции»
Федеральный закон от 3 декабря 2012 года № 230-ФЗ «О контроле за соответствием расходов лиц, замещающих государственные должности, и иных лиц их доходам»
Федеральный закон от 7 мая 2013 года № 79-ФЗ «О запрете отдельным категориям лиц открывать и иметь счета (вклады), хранить наличные денежные средства и ценности в иностранных банках, расположенных за пределами территории Российской Федерации, владеть и (или) пользоваться иностранными финансовыми инструментами»
Федеральный закон от 17 июля 2009 года № 172-ФЗ «Об антикоррупционной экспертизе нормативных правовых актов и проектов нормативных правовых актов»
Указ Президента Российской Федерации от 2 апреля 2013 года № 309 «О мерах по реализации отдельных положений Федерального закона ""О противодействии коррупции""»
Указ Президента РФ от 2 апреля 2013 года № 310 «О мерах по реализации отдельных положений Федерального закона ""О контроле за соответствием расходов лиц, замещающих государственные должности, и иных лиц их доходам""»
Указ Президента РФ от 23 июня 2014 года № 460 «Об утверждении формы справки о доходах, расходах, об имуществе и обязательствах имущественного характера и внесении изменений в некоторые акты Президента Российской Федерации»
Указ Президента РФ от 8 марта 2015 года № 120 «О некоторых вопросах противодействия коррупции»
Указ Президента РФ от 22 декабря 2015 года № 650 «О порядке сообщения лицами, замещающими отдельные государственные должности РФ, должности федеральной государственной службы, и иными лицами о возникновении личной заинтересованности при исполнении должностных обязанностей, которая приводит или может привести к конфликту интересов, и о внесении изменений в некоторые акты Президента РФ»
Постановление Правительства РФ от 3 декабря 2009 года № 987 «О мерах по реализации указов Президента Российской Федерации от 18 мая 2009 г. № 559, от 21 сентября 2009 г. № 1065, от 1 июля 2010 г. № 821, от 25 февраля 2011 г. № 233, от 2 апреля 2013 г. № 309, от 2 апреля 2013 г. № 310, от 8 июля 2013 г. № 613, от 22 декабря 2015 г. № 650 и от 25 апреля 2022 г. № 232»
Постановление Правительства РФ от 13 марта 2013 года № 207 «Об утверждении Правил проверки достоверности и полноты сведений о доходах, об имуществе и обязательствах имущественного характера, представляемых гражданами, претендующими на замещение должностей руководителей федеральных государственных учреждений, и лицами, замещающими эти должности»
Постановление Правительства РФ от 13 марта 2013 года № 208 «Об утверждении Правил представления лицом, поступающим на работу на должность руководителя федерального государственного учреждения, а также руководителем федерального государственного учреждения сведений о своих доходах, об имуществе и обязательствах имущественного характера и о доходах, об имуществе и обязательствах имущественного характера и о доходах, об имуществе и обязательствах имущественного характера своих супруга (супруги) и несовершеннолетних детей»
Постановление Правительства РФ от 5 июля 2013 года № 568 «О распространении на отдельные категории граждан ограничений, запретов и обязанностей, установленных Федеральным законом ""О противодействии коррупции"" и другими федеральными законами в целях противодействия коррупционного характера своих супруга (супруги) и несовершеннолетних детей»
Постановление Правительства РФ от 22 июля 2013 года № 613 «О представлении гражданами, претендующими на замещение должностей в организациях, созданных для выполнения задач, поставленных перед Правительством РФ, и работниками, замещающими должности в этих организациях, сведений о доходах, расходах, об имуществе и обязательствах имущественного характера, проверке достоверности и полноты представляемых сведений и соблюдения работниками требований к служебному поведению»
Постановление Правительства РФ от 9 января 2014 года № 10 «О порядке сообщения отдельными категориями лиц о получении подарка в связи с их должностным положением или исполнением ими служебных (должностных) обязанностей, сдачи и оценки подарка, реализации (выкупа) и зачисления средств, вырученных от его реализации» (вместе с «Типовым положением о сообщении отдельными категориями лиц о получении подарка в связи с их должностным положением или исполнением ими служебных (должностных) обязанностей, сдаче и оценке подарка, реализации (выкупе) и зачислении средств, вырученных от его реализации»)""
Постановление Правительства РФ от 21 января 2015 года № 29 «Об утверждении Правил сообщения работодателем о заключении трудового или гражданско-правового договора на выполнение работ (оказание услуг) с гражданином, замещавшим должности государственной или муниципальной службы, перечень которых устанавливается нормативными правовыми актами Российской Федерации»
Приказ Минтруда России от 7 октября 2013 года № 530н «О требованиях к размещению и наполнению подразделов, посвященных вопросам противодействия коррупции, официальных сайтов федеральных государственных органов, Центрального банка РФ, Пенсионного фонда РФ, Фонда социального страхования РФ, Федерального фонда обязательного медицинского страхования, государственных корпораций (компаний), иных организаций, созданных на основании федеральных законов, и требованиях к должностям, замещение которых влечет за собой размещение сведений о доходах, расходах, об имуществе и обязательствах имущественного характера»
Локальные нормативные акты
Памятка о мерах по предотвращению коррупции
Приказ от 04.10.2023 № 12684/1 «О внесении изменений в приказ от 09.04.2014 № 1887/1 ""Об утверждении Положения по рассмотрению уведомлений о получении подарков""»
Реестр заключенных расходных договоров на 2023 год
Реестр заключенных расходных договоров на 2022 год
Приказ от 19.05.2023 № 7108/1 «О внесении изменений в приказ от 29.09.2021 № 9265/1 «""Об утверждении Плана антикоррупционных мероприятий СПбГУ на 2021-2024 годы""»
Приказ от 29.08.2022 № 9015/1 О внесении изменений в приказ от 08.07.2015 № 5397/1 «Об утверждении перечня должностей в СПбГУ, при замещении которых работники обязаны соблюдать требования законодательства о противодействии коррупции»
Приказ от 23.05.2022 № 5893/1 «О внесении изменений в приказ от 08.07.2015 № 5397/1 ""Об утверждении перечня должностей в СПбГУ, при замещении которых работники обязаны соблюдать требования законодательства о противодействии коррупции""»
Приказ от 04.04.2022 № 3213/1 «О внесении изменений в приказ от 07.03.2017 № 1928/1 ""Об утверждении Положения о порядке обоснования начальной (максимальной) цены контракта (договора) и о приоритетных способах закупок""»
Приказ от 02.03.2022 № 1770/1 «О внесении изменений в приказ от 21.01.2022 № 350/1 ""Об обеспечении открытости финансово-хозяйственной деятельности СПбГУ при осуществлении приемки работ по договорам (контрактам), затрагивающим интересы работников или обучающихся СПбГУ""»
Приказ от 26.01.2022 № 491/1 «О внесении изменений в приказ от 07.03.2017 № 1928/1 ""Об утверждении Положения о порядке обоснования начальной (максимальной) цены контракта (договора) и о приоритетных способах закупок""»
Приказ от 25.01.2022 № 396/1 «О внесении изменений в приказ № 12976/1 от 27.12.2021 ""Об утверждении регламента проведения круглых столов по обсуждению открытых конкурсов в электронной форме""»
Приказ от 21.01.2022 № 350/1 «Об обеспечении открытости финансово-хозяйственной деятельности СПбГУ при осуществлении приемки работ по договорам (контрактам), затрагивающим интересы работников или обучающихся СПбГУ»
Приказ от 14.01.2022 № 132/1 «О внесении изменений в приказ от 08.07.2015 № 5397/1 ""Об утверждении перечня должностей в СПбГУ, при замещении которых работники обязаны соблюдать требования законодательства о противодействии коррупции""»
Реестр заключенных расходных договоров на 2021 год
Приказ от 27.12.2021 № 12976/1 «Об утверждении регламента проведения круглых столов по обсуждению открытых конкурсов в электронной форме»
Приказ от 09.12.2021 № 11883/1 «О внесении изменений в приказ от 07.03.2017 № 1928/1 ""Об утверждении Положения о порядке обоснования начальной (максимальной) цены контракта (договора) и о приоритетных способах закупок""»
Приказ от 29.09.2021 № 9265/1 «Об утверждении Плана антикоррупционных мероприятий СПбГУ на 2021–2024 годы»
Приказ от 11.06.2021 № 6426/1 «Об утверждении Плана антикоррупционных мероприятий СПбГУ на 2021–2023 годы»
Приказ от 05.03.2021 № 1577/1 «О внесении изменений в приказ от 08.07.2015 № 5397/1 ""Об утверждении перечня должностей в СПбГУ, при замещении которых работники обязаны соблюдать требования законодательства о противодействии коррупции""»
Приказ от 02.07.2020 № 804/1 «О проверке участников закупки на предмет не привлечения к административной ответственности за совершение административного правонарушения, предусмотренного ст. 19.28 КоАП»
Приказ от 11.06.2020 № 5378/1 «О внесении изменений в приказ от 08.07.2015 № 5397/1 ""Об утверждении перечня должностей в СПбГУ, при замещении которых работники обязаны соблюдать требования законодательства о противодействии коррупции""»
Приказ от 23.04.2020 № 3500/1 «О внесении изменений в приказ от 08.07.2015 № 5397/1 ""Об утверждении перечня должностей в СПбГУ, при замещении которых работники обязаны соблюдать требования законодательства о противодействии коррупции""»
Приказ от 27.02.2020 № 1326/1 «О внесении изменений в приказ от 08.07.2015 № 5397/1 ""Об утверждении перечня должностей в СПбГУ, при замещении которых работники обязаны соблюдать требования законодательства о противодействии коррупции""»
Реестр заключенных расходных договоров на 2020 год
Приказ от 30.04.2019 № 4494/1 «Об утверждении Положения о Комиссии по урегулированию конфликта интересов»
Приказ от 22.03.2019 № 2480/1 «О внесении изменений в приказ от 08.07.2015 № 5397/1 ""Об утверждении перечня должностей в СПбГУ, при замещении которых работники обязаны соблюдать требования законодательства о противодействии коррупции""»
Приказ от 30.01.2019 № 632/1 «Об утверждении Порядка информирования работниками СПбГУ о возникновении личной заинтересованности при исполнении должностных обязанностей, которая приводит или может привести к конфликту интересов»
Распоряжение от 21.01.2019 № 65 «Об организации работы по информированию обучающихся СПбГУ о конкурсах, работах и мероприятиях»
Реестр заключенных расходных договоров 2019 год
Реестр заключенных расходных договоров 2018 год
Приказ от 03.10.2018 № 9567/1 «О совершенствовании системы обеспечения участия представителей общественности в контроле за финансово-хозяйственной деятельностью СПбГУ»
Приказ от 22.08.2018 № 8303/1 «Об утверждении Плана антикоррупционных мероприятий СПбГУ на 2018–2020 годы»
Приказ от 04.07.2019 № 7414/1 «О внесении изменений в План антикоррупционных мероприятий СПбГУ на 2018–2020 годы, утвержденный Приказом ректора от 22.08.2018 № 8303/1»
Приказ от 09.04.2018 № 2730/1 «Об обеспечении формирования реестра лиц, уволенных в связи с утратой доверия»
Приказ от 06.04.2018 № 2646/1 «О внесении изменений в приказ от 08.07.2015 № 5397/1 ""Об утверждении перечня должностей в СПбГУ, при замещении которых работники обязаны соблюдать требования законодательства о противодействии коррупции""»
Распоряжение от 01.12.2017 № 3011 «О реализации Плана антикоррупционных мероприятий в рамках учебно-методической работы СПбГУ на 2018 год»
Приказ от 19.10.2017 № 10377/1 «О внесении изменений в приказ от 20.01.2016 № 280/1 ""Об утверждении Плана антикоррупционных мероприятий СПбГУ""»
Приказ от 15.05.2017 № 4892/1 «О порядке согласования проектов заданий на проектирование для производства строительных, монтажных, ремонтных, реставрационных работ»
Распоряжение от 27.03.2017 № 713 «О реализации Плана мероприятий по противодействию коррупции в рамках учебно-методической работы СПбГУ на 2017 год»
Приказ от 24.03.2017 № 2434/1 «Об утверждении Регламента осуществления внутреннего финансового аудита в СПбГУ»
Приказ от 09.03.2017 № 1974/1 «О приоритетных способах закупок и ответственности за определение цены»
Приказ от 09.03.2017 № 1970/1 «О строительном контроле в СПбГУ»
Приказ от 09.03.2017 № 1972/1 «Об организации работы по согласованию и подписанию документов на закупку товаров, работ и услуг за счет средств СПбГУ, полученных от приносящей доход деятельности»
Приказ от 07.03.2017 № 1928/1 «Об утверждения Положения о порядке обоснования начальной (максимальной) цены контракта (договора) и о приоритетных способах закупок»
Приказ от 22.12.2016 № 10317/1 «О мерах по повышению контроля за полнотой и достоверностью результатов приемки товаров, работ и услуг по договорам, заключенным от имени СПбГУ»
Приказ от 04.10.2016 № 8016/1 «Об обеспечении открытости финансово-хозяйственной деятельности СПбГУ при осуществлении приемки работ по договорам (контрактам), затрагивающим интересы работников или обучающихся СПбГУ»
Приказ от 03.10.2016 № 7966/1 «Об утверждении Кодекса универсанта Санкт-Петербургского государственного университета»
Приказ от 19.08.2016 № 6353/1 «Об утверждении Положения о порядке сообщения работниками СПбГУ о возникновении личной заинтересованности при исполнении должностных обязанностей, которая приводит или может привести к конфликту интересов»
Приказ от 06.07.2016 № 5554/1 «О дополнении приказа от 08.08.2008 № 1093/1 ""О распределении полномочий между должностными лицами Санкт-Петербургского государственного университета""»
Приказ от 20.01.2016 № 280/1 «Об утверждении Плана антикоррупционных мероприятий СПбГУ»
Приказ от 26.11.2015 № 9066/1 «О реализации требований законодательства к языку локальных нормативных актов СПбГУ»
Приказ от 26.08.2015 № 6242/1 «Об установлении порядка представления сведений»
Приказ от 09.04.2014 № 1887/1 «Об утверждении Положения о Комиссии по рассмотрению уведомлений о получении подарков»
Приказ от 16.08.2013 № 2969/1 «Об утверждении Плана мероприятий»
Приказ «Об утверждении порядка уведомления работодателя (его представителя) работниками организаций, созданных для выполнения задач, поставленных перед Министерством труда и социальной защиты Российской Федерации, о возникновении личной заинтересованности, которая приводит или может привести к конфликту интересов» — отсутствует. Соответствующая норма содержится в трудовых договорах.
Об утверждении реестра (карты) коррупционных рисков и плана (реестра) мер, направленных на минимизацию коррупционных рисков, возникающих при осуществлении закупок
Об утверждении Регламента приемки товаров, работ, услуг
Антикоррупционная экспертиза
Информация о подготовке органами государственной власти Российской Федерации проектов нормативных правовых актов и результатах их общественного обсуждения, а также о результатах проведения независимой антикоррупционной экспертизы размещается на официальном сайте
regulation.gov.ru
в сети Интернет.
Общественные обсуждения проектов локальных нормативных актов СПбГУ и результаты этих обсуждений публикуются на официальном сайте СПбГУ в разделе
«Общественное обсуждение»
. Предложения по корректировке изданных локальных нормативных актов просим направлять посредством сервиса
«Виртуальная приемная»
. Информация об обращениях к должностным лицам СПбГУ, связанных со склонением к нарушению установленных правил публикуется в разделе
«Прошу нарушить правила!»
Экспертные заключения
Экспертное заключение по информационным материалам запроса Министерства труда и социальной защиты Российской Федерации
Экспертное заключение по информационным материалам запроса Министерства юстиции Российской Федерации
Научные статьи и выступления
Тезисы доклада В. Ф. Щепелькова и С. П. Кушниренко «15 лет Конвенции ООН против коррупции: успехи и вызовы, результаты имплементации международных антикоррупционных норм в российское законодательство»
Методические материалы
Онлайн-курс СПбГУ «Противодействие коррупции и проявлениям экстремизма»
Сведения о доходах, об имуществе и обязательствах имущественного характера ректора и проректоров СПбГУ
2021 год
2020 год
2019 год
2018 год
2017 год
2016 год
2015 год
2014 год
2013 год
Информация на странице была полезна?
Присоединяйтесь к нам в соцсетях
Поступающим
Студентам
Сотрудникам
Партнерам
Поступающим
Приемная комиссия
Образовательные программы
Дополнительное образование
Подготовка к ЕГЭ
Онлайн-школа СПбГУ
Олимпиада школьников
Дни открытых дверей
Профориентация школьников
Подготовительные курсы
Прием иностранцев
Личный кабинет поступающего
Целевое обучение
Студентам
Обучение
Расписание
Центр карьер СПбГУ
Олимпиада для студентов
Академическая мобильность
Стипендии
Библиотека
Общежития
Спорт
Отдых
Студенческий совет
Blackboard
Личный кабинет обучающегося
Сотрудникам
Работа в СПбГУ
Ректорские совещания
Ученый совет
Научный парк
Перезагрузка
Виртуальная приемная
Прием граждан
Библиотека
Система Pure
Патенты и трансфер технологий
Общественные организации
Партнерам
Научный парк
Работодателям
Экспертный университет
Разработка онлайн-курсов
Эндаумент-фонд
Клиники
Лаборатории и центры
Центр технологий распределенных реестров
Центр прикладной социологии
Центр медиации
Центр языкового тестирования
Выпускникам
Реквизиты СПбГУ
Консультации и сервисы:
Виртуальная приемная
Бесплатная юридическая помощь
Бесплатная психологическая помощь
Центр финансовой грамотности
Центр переводов
Служба медиации
Электронные сервисы
Общественное обсуждение
Репозиторий СПбГУ
Книги СПбГУ
Сувениры СПбГУ
Платежный сервис
RSS
MAX
ВКонтакте
Rutube
Минобрнауки РФ
Минпросвещения РФ
Российское общество «Знание»
Диалог Россия — Республика Корея
Петербургский диалог
Нажимая на кнопку «подписаться», вы даете согласие на
обработку своих персональных данных
.
© Санкт-Петербургский государственный университет, 2026
199034, Россия, Санкт-Петербург, Университетская набережная, д. 7–9
Сведения об образовательной организации
Противодействие коррупции
Реквизиты СПбГУ
Контакты
Сделано Deasign в сотрудничестве с СПбГУ
На данном информационном ресурсе могут быть опубликованы архивные материалы с упоминанием физических и юридических лиц, включенных Министерством юстиции Российской Федерации в реестр иностранных агентов, а также организаций, признанных экстремистскими и запрещенных на территории Российской Федерации.
Весь сайт
В новостях и событиях
В документах
Олимпиада школьников
Приемная комиссия СПбГУ
Образовательные программы
Виртуальная приемная
Подразделения и руководство
Документы
Контакты
Этот сайт использует cookies для сбора статистики и анализа работы сайта. Просим согласиться на сбор и обработку ваших метаданных или отключить cookies в настройках браузера.",https://spbu.ru/; https://spbu.ru/openuniversity; https://spbu.ru/sveden; https://spbu.ru/openuniversity/politika-otkrytosti; https://spbu.ru/openuniversity/documents; https://spbu.ru/openuniversity/documents/52; https://spbu.ru/openuniversity/documents/51; https://spbu.ru/openuniversity/perezagruzka; https://spbu.ru/rabota-v-spbgu; https://spbu.ru/openuniversity/protivodeystvie-korrupcii; https://spbu.ru/universitet-pomogaet-v-usloviyakh-specialnoy-voennoy-operacii; https://spbu.ru/universitet/sotrudnikam; https://spbu.ru/vypusknikam; https://spbu.ru/rabotodatelyam; https://spbu.ru/postupayushchim; https://spbu.ru/postupayushchim/programms; https://spbu.ru/postupayushchim/programms/dopolnitelnyeprogrammy; https://spbu.ru/postupayushchim/calendar; https://spbu.ru/postupayushchim/podgotovka-k-ege; https://spbu.ru/universitet/onlayn-kursy-spbgu; https://spbu.ru/studentam; https://spbu.ru/studentam/centr-karer-spbgu; https://spbu.ru/studentam/praktika-po-modeli-kliniki-v-spbgu; https://spbu.ru/studentam/studencheskiy-sovet; https://spbu.ru/studentam/studencheskiy-kampus; https://spbu.ru/studentam/studencheskie-iniciativy; https://spbu.ru/studentam/inostrannym-studentam; https://spbu.ru/studentam/medicinskaya-pomosch; https://spbu.ru/studentam/socialnaya-zaschita; https://spbu.ru/studentam/otdykh; https://spbu.ru/studentam/sport-i-zdorovyy-obraz-zhizni; https://spbu.ru/studentam/zelenyy-universitet; https://spbu.ru/studentam/voinskiy-uchet; https://spbu.ru/partneram; https://spbu.ru/partneram/kriptoveche; https://spbu.ru/partneram/mpa; https://spbu.ru/partneram/research-ims-20; https://spbu.ru/partneram/setevye-programmy-spbgu; https://spbu.ru/posetitelyam; https://spbu.ru/contacts; https://spbu.ru/universitet; https://spbu.ru/history; https://spbu.ru/universitet/universitet-v-licakh; https://spbu.ru/universitet/virtualnye-ekskursii-po-universitetu; https://spbu.ru/rector; https://spbu.ru/universitet/podrazdeleniya-i-rukovodstvo; https://spbu.ru/universitet/uchebno-nauchnye-podrazdeleniya; https://spbu.ru/universitet/popechitelskiy-sovet; https://spbu.ru/universitet/muzei-i-kollekcii-spbgu; https://spbu.ru/universitet/partnery; https://spbu.ru/universitet/klinika-spbgu; https://spbu.ru/universitet/mezhdunarodnaya-deyatelnost; https://spbu.ru/universitet/endaument-fond-spbgu; https://spbu.ru/universitet/podrazdeleniya-i-rukovodstvo/uchenye-sovety/uchenyy-sovet-spbgu; https://spbu.ru/universitet/obedinennyy-arkhiv; https://spbu.ru/universitet/spbgu-cifrovoy-universitet; https://spbu.ru/education; https://spbu.ru/education/dopolnitelnoe-obrazovanie-v-spbgu; https://spbu.ru/education/centr-inklyuzivnogo-obrazovaniya; https://spbu.ru/postupayushchim/programms/bakalavriat; https://spbu.ru/nauka/laboratorii-i-centry/centr-monitoringa-kachestva-obrazovaniya-spbgu; https://spbu.ru/education/onlayn-kursy-spbgu; https://spbu.ru/nauka; https://spbu.ru/topics/1995; https://spbu.ru/nauka/nauchnyy-park; https://spbu.ru/nauka/laboratorii-i-centry; https://spbu.ru/nauka/uchenye-stepeni-v-spbgu; https://spbu.ru/nauka/nauchnaya-biblioteka-imeni-m-gorkogo; https://spbu.ru/nauka/oborudovanie-spbgu; https://spbu.ru/nauka/nauchnye-zhurnaly-spbgu; https://spbu.ru/nauka/pobediteli-konkursa-megagrantov; https://spbu.ru/nauka/nacionalnyy-proekt-nauka-i-universitety; https://spbu.ru/nauka/teologiya-v-spbgu; https://spbu.ru/nauka/arkticheskie-proekty-spbgu; https://spbu.ru/ekspertnyy-universitet; https://spbu.ru/ekspertnyy-universitet/centr-ekspertiz; https://spbu.ru/ekspertnyy-universitet/centr-prikladnoy-sociologii; https://spbu.ru/ekspertnyy-universitet/centr-mediacii-spbgu; https://spbu.ru/ekspertnyy-universitet/katalog-issledovaniy; https://spbu.ru/ekspertnyy-universitet/ekspertnye-zaklyucheniya; https://spbu.ru/ekspertnyy-universitet/ekspertiza-nauchnyh-rabot; https://spbu.ru/ekspertnyy-universitet/otzyvy-recenzii-i-rekomendatelnye-pisma; https://spbu.ru/ekspertnyy-universitet/mezhdisciplinarnyy-centr-issledovaniy-kontrolno-nadzornoy-deyatelnosti-v; https://spbu.ru/ekspertnyy-universitet/besplatnaya-pomoshch; https://spbu.ru/news-events; https://spbu.ru/openuniversity/protivodeystvie-korrupcii/plan-protivodeystviya-korrupcii-v-vuzah; https://spbu.ru/openuniversity/protivodeystvie-korrupcii/publikatsii; https://spbu.ru/mezhdunarodnaya-deyatelnost; https://spbu.ru/sveden/kachestvo-obrazovaniya; http://spbu.ru/openuniversity/protivodeystvie-korrupcii/publikatsii; https://spbu.ru/rector/biografiya/uvolnenie-n-m-kropacheva-za-protivodeystvie-korrupcii; https://spbu.ru/openuniversity/documents/ob-utverzhdenii-plana-antikorrupcionnykh-meropriyatiy-spbgu-na-2025-2028; https://spbu.ru/news-events/krupnym-planom/shagi-k-otkrytomu-priemu; https://spbu.ru/rector/proshu-narushit-pravila; https://spbu.ru/topics/239; https://spbu.ru/topics/para_29976; https://spbu.ru/news-events/novosti/aleksandr-solovev-menee-5-byudzhetnykh-sredstv-spbgu-raskhoduyutsya-na; https://spbu.ru/news-events/novosti; https://spbu.ru/news-events/novosti/eksperty-spbgu-pomogut-gosudarstvennym-organam-kompaniyam-i-chastnym-licam; https://spbu.ru/news-events/novosti/za-2021-god-specialisty-spbgu-podgotovili-okolo-350-ekspertnyh-zaklyucheniy; https://spbu.ru/news-events/novosti/soblyudenie-zakonov-kak-v-spbgu-prohodit-profilaktika-korrupcii; https://spbu.ru/news-events/novosti/spbgu-usilivaet-mery-po-kontrolyu-nad-provedeniem-remontnyh-rabot; https://spbu.ru/news-events/novosti/spbgu-luchshiy-universitet-rossii-po-kachestvu-finansovogo-menedzhmenta; https://spbu.ru/news-events/novosti/priem-byvshih-gossluzhashchih-na-rabotu-v-spbgu; https://spbu.ru/news-events/novosti/chestnyy-konkurs-i-otkrytye-zakupki-v-spbgu-obsudili-organizaciyu-pitaniya-dlya; https://spbu.ru/news-events/novosti/sociologi-rossii-i-kitaya-sravnili-sovremennye-mery-po-borbe-s-korrupciey; https://spbu.ru/news-events/universitet-v-smi/kompleks-mer-antikorrupcionnoy-napravlennosti-v-gosudarstvennyh-i; https://spbu.ru/news-events/universitet-v-smi; https://spbu.ru/topics/para_30085; https://spbu.ru/openuniversity/documents/o-provedenii-kruglogo-stola-108; https://spbu.ru/topics/3200; https://spbu.ru/openuniversity/documents/o-provedenii-kruglogo-stola-107; https://spbu.ru/openuniversity/documents/o-provedenii-kruglogo-stola-106; https://spbu.ru/openuniversity/documents/pamyatka-o-merah-po-predotvrashcheniyu-korrupcii; https://spbu.ru/openuniversity/documents/o-vnesenii-izmeneniy-v-prikaz-ot-09042014-no-18871-ob-utverzhdenii; https://spbu.ru/openuniversity/documents/reestr-zaklyuchennyh-rashodnyh-dogovorov-na-2023-god; https://spbu.ru/openuniversity/documents/reestr-zaklyuchennyh-rashodnyh-dogovorov-na-2022-god; https://spbu.ru/openuniversity/documents/o-vnesenii-izmeneniy-v-prikaz-ot-29092021-no-92651; https://spbu.ru/openuniversity/documents/o-vnesenii-izmeneniy-v-prikaz-ot-08072015-no-53971-0; https://spbu.ru/openuniversity/documents/o-vnesenii-izmeneniy-v-prikaz-ot-08072015-no-53971-ob-utverzhdenii-8; https://spbu.ru/openuniversity/documents/o-vnesenii-izmeneniy-v-prikaz-ot-07032017-no-19281-ob-utverzhdenii-6; https://spbu.ru/openuniversity/documents/o-vnesenii-izmeneniy-v-prikaz-ot-21012022-no-3501; https://spbu.ru/openuniversity/documents/o-vnesenii-izmeneniy-v-prikaz-ot-07032017-no-19281-ob-utverzhdenii-5; https://spbu.ru/openuniversity/documents/o-vnesenii-izmeneniy-v-prikaz-no-129761-ot-27122021; https://spbu.ru/openuniversity/documents/ob-obespechenii-otkrytosti-finansovo-hozyaystvennoy-deyatelnosti-spbgu-0; https://spbu.ru/openuniversity/documents/o-vnesenii-izmeneniy-v-prikaz-ot-08072015-no-53971-ob-utverzhdenii-7; https://spbu.ru/openuniversity/documents/reestr-zaklyuchennyh-rashodnyh-dogovorov-na-2021-god; https://spbu.ru/openuniversity/documents/ob-utverzhdenii-reglamenta-provedeniya-kruglyh-stolov-po-obsuzhdeniyu; https://spbu.ru/openuniversity/documents/o-vnesenii-izmeneniy-v-prikaz-ot-07032017-no-19281-ob-utverzhdenii-4; https://spbu.ru/openuniversity/documents/ob-utverzhdenii-plana-antikorrupcionnyh-meropriyatiy-spbgu-na-2021-2024; https://spbu.ru/openuniversity/documents/ob-utverzhdenii-plana-antikorrupcionnyh-meropriyatiy-spbgu-na-2021-2023; https://spbu.ru/openuniversity/documents/o-vnesenii-izmeneniy-v-prikaz-ot-08072015-no-53971-ob-utverzhdenii-6; https://spbu.ru/openuniversity/documents/o-proverke-uchastnikov-zakupki-na-predmet-ne-privlecheniya-k; https://spbu.ru/openuniversity/documents/o-vnesenii-izmeneniy-v-prikaz-ot-08072015-no-53971-ob-utverzhdenii-5; https://spbu.ru/openuniversity/documents/o-vnesenii-izmeneniy-v-prikaz-ot-08072015-no-53971-ob-utverzhdenii-4; https://spbu.ru/openuniversity/documents/o-vnesenii-izmeneniy-v-prikaz-ot-08072015-no-53971-ob-utverzhdenii-3; https://spbu.ru/openuniversity/documents/reestr-zaklyuchennyh-rashodnyh-dogovorov-na-2020-god; https://spbu.ru/openuniversity/documents/o-komissii-po-uregulirovaniyu-konflikta-interesov; https://spbu.ru/openuniversity/documents/o-vnesenii-izmeneniy-v-prikaz-ot-08072015-no-53971-ob-utverzhdenii-2; https://spbu.ru/openuniversity/documents/ob-utverzhdenii-poryadka-informirovaniya-rabotnikami-spbgu-o-vozniknovenii; https://spbu.ru/openuniversity/documents/ob-organizacii-raboty-po-informirovaniyu-obuchayushchihsya-spbgu-o; https://spbu.ru/openuniversity/documents/reestr-zaklyuchennyh-rashodnyh-dogovorov-2019-god; https://spbu.ru/openuniversity/documents/reestr-zaklyuchennyh-rashodnyh-dogovorov-2018-god; https://spbu.ru/openuniversity/documents/o-sovershenstvovanii-sistemy-obespecheniya-uchastiya-predstaviteley; https://spbu.ru/openuniversity/documents/ob-utverzhdenii-plana-antikorrupcionnyh-meropriyatiy-spbgu-na-2018-2020; https://spbu.ru/openuniversity/documents/o-vnesenii-izmeneniy-v-plan-antikorrupcionnyh-meropriyatiy-spbgu-na-2018; https://spbu.ru/openuniversity/documents/ob-obespechenii-formirovaniya-reestra-lic-uvolennyh-v-svyazi-s-utratoy; https://spbu.ru/openuniversity/documents/o-vnesenii-izmeneniy-v-prikaz-ot-08072015-no-53971-ob-utverzhdenii-1; https://spbu.ru/openuniversity/documents/o-realizacii-plana-antikorrupcionnyh-meropriyatiy-v-ramkah-uchebno; https://spbu.ru/openuniversity/documents/o-vnesenii-izmeneniy-v-prikaz-ot-20012016-no-2801-ob-utverzhdenii-plana; https://spbu.ru/openuniversity/documents/o-poryadke-soglasovaniya-proektov-zadaniy-na-proektirovanie-dlya; https://spbu.ru/openuniversity/documents/o-realizacii-plana-meropriyatiy-po-protivodeystviyu-korrupcii-v-ramkah; https://spbu.ru/openuniversity/documents/ob-utverzhdenii-reglamenta-osushchestvleniya-vnutrennego-finansovogo-audita; https://spbu.ru/openuniversity/documents/o-prioritetnyh-sposobah-zakupok-i-otvetstvennosti-za-opredelenie-ceny; https://spbu.ru/openuniversity/documents/o-stroitelnom-kontrole-v-spbgu; https://spbu.ru/openuniversity/documents/ob-organizacii-raboty-po-soglasovaniyu-i-podpisaniyu-dokumentov-na-zakupku; https://spbu.ru/openuniversity/documents/o-poryadke-obosnovaniya-nachalnoy-maksimalnoy-ceny-kontrakta-dogovora-i-o; https://spbu.ru/openuniversity/documents/o-merah-po-povysheniyu-kontrolya-za-polnotoy-i-dostovernostyu-rezultatov; https://spbu.ru/openuniversity/documents/ob-obespechenii-otkrytosti-finansovo-hozyaystvennoy-deyatelnosti-spbgu-pri; https://spbu.ru/openuniversity/documents/kodeks-universanta; https://spbu.ru/openuniversity/documents/o-poryadke-soobshcheniya-rabotnikami-spbgu-o-vozniknovenii-lichnoy; https://spbu.ru/openuniversity/documents/o-dopolnenii-prikaza-ot-08082008-no-10931-o-raspredelenii-polnomochiy-1; https://spbu.ru/openuniversity/documents/ob-utverzhdenii-plana-antikorrupcionnyh-meropriyatiy-spbgu; https://spbu.ru/openuniversity/documents/o-realizacii-trebovaniy-zakonodatelstva-k-yazyku-lokalnyh-normativnyh-aktov; https://spbu.ru/openuniversity/documents/ob-ustanovlenii-poryadka-predstavleniya-svedeniy; http://spbu.ru/images/orders/20140409_1887_1.pdf; https://spbu.ru/openuniversity/documents/ob-utverzhdenii-plana-meropriyatiy; https://spbu.ru/openuniversity/documents/ob-utverzhdenii-reestra-karty-korrupcionnykh-riskov-i-plana-reestra-mer; https://spbu.ru/openuniversity/documents/ob-utverzhdenii-reglamenta-priemki-tovarov-rabot-uslug; http://spbu.ru/structure/top-management/rector/rector-priem/proshu-narushit-pravila; https://spbu.ru/openuniversity/documents/ekspertnoe-zaklyuchenie-po-informacionnym-materialam-zaprosa-ministerstva-0; https://spbu.ru/openuniversity/documents/ekspertnoe-zaklyuchenie-po-informacionnym-materialam-zaprosa-ministerstva; https://spbu.ru/openuniversity/documents/15-let-konvencii-oon-protiv-korrupcii-uspehi-i-vyzovy-rezultaty; https://spbu.ru/openuniversity/documents/svedeniya-o-dohodah-ob-imushchestve-i-obyazatelstvah-imushchestvennogo-7; https://spbu.ru/openuniversity/documents/svedeniya-o-dohodah-ob-imushchestve-i-obyazatelstvah-imushchestvennogo-6; https://spbu.ru/openuniversity/documents/svedeniya-o-dohodah-ob-imushchestve-i-obyazatelstvah-imushchestvennogo-5; https://spbu.ru/openuniversity/documents/svedeniya-o-dohodah-ob-imushchestve-i-obyazatelstvah-imushchestvennogo-4; https://spbu.ru/openuniversity/documents/svedeniya-o-dohodah-ob-imushchestve-i-obyazatelstvah-imushchestvennogo-3; https://spbu.ru/openuniversity/documents/svedeniya-o-dohodah-ob-imushchestve-i-obyazatelstvah-imushchestvennogo-2; https://spbu.ru/openuniversity/documents/svedeniya-o-dohodah-ob-imushchestve-i-obyazatelstvah-imushchestvennogo; https://spbu.ru/openuniversity/documents/svedeniya-o-dohodah-ob-imushchestve-i-obyazatelstvah-imushchestvennogo-0; https://spbu.ru/openuniversity/documents/svedeniya-o-dohodah-ob-imushchestve-i-obyazatelstvah-imushchestvennogo-1; https://spbu.ru/oficialnye-kanaly-spbgu; https://spbu.ru/postupayushchim/programms/dopolnitelnyeprogrammy?field=&audience=3491&type=&eduform=&op=%D0%9D%D0%90%D0%99%D0%A2%D0%98%20%D0%9F%D0%A0%D0%9E%D0%93%D0%A0%D0%90%D0%9C%D0%9C%D0%AB; https://spbu.ru/studentam/obuchenie; https://spbu.ru/studentam/centr-karery-spbgu; https://spbu.ru/universitet/podrazdeleniya-i-rukovodstvo/uchenye-sovety; https://spbu.ru/obshchestvennye-organizacii; https://spbu.ru/openuniversity/rabotodatelyam; https://spbu.ru/openuniversity/documents/rekvizity-spbgu; https://spbu.ru/studentam/praktika/praktika-po-modeli-kliniki-v-spbgu/socialnyy-centr-perevodov; https://spbu.ru/studentam/praktika/praktika-po-modeli-kliniki-v-spbgu/konfliktologicheskaya-klinika-sluzhba-mediacii; https://spbu.ru/news-events.xml; https://spbu.ru/universitet/regionalnoe-otdelenie-rossiyskogo-obschestva-znanie; https://spbu.ru/openuniversity/documents/soglasie-na-obrabotku-personalnykh-dannykh,http://guestbook.spbu.ru/; http://forum.spbu.ru/; http://abiturient.spbu.ru/; https://abiturient.spbu.ru/page-tselevoe-obuchenie-/; http://english.spbu.ru/; http://chinese.spbu.ru/; https://store.spbu.ru/; https://publishing.spbu.ru/; https://rutube.ru/video/db68a7186dd321aec1abe9da64f030cb; https://rutube.ru/video/0409c143e32247cb73437159068fb7d9/; http://pravo.gov.ru/proxy/ips/?docbody=&link_id=0&nd=102074279&intelsearch=%20%D2%F0%F3%E4%EE%E2%EE%E9%20%EA%EE%E4%E5%EA%F1&firstDoc=1; http://pravo.gov.ru/proxy/ips/?docbody=&nd=102126657&intelsearch=273-%F4%E7; http://pravo.gov.ru/proxy/ips/?docbody=&nd=102161337&intelsearch=230-%F4%E7; http://pravo.gov.ru/proxy/ips/?docbody=&nd=102165163&intelsearch=79-%F4%E7%2007.05.2013; http://pravo.gov.ru/proxy/ips/?docbody=&nd=102131168&intelsearch=172-%F4%E7; http://pravo.gov.ru/proxy/ips/?docbody=&nd=102164304&intelsearch=309%2002.04.2013; http://pravo.gov.ru/proxy/ips/?docbody=&nd=102164305&intelsearch=310%2002.04.2013; http://pravo.gov.ru/proxy/ips/?docbody=&link_id=0&nd=102353813&intelsearch=&firstDoc=1; http://pravo.gov.ru/proxy/ips/?docbody=&nd=102368620&intelsearch=120%2008.03.2015; http://pravo.gov.ru/proxy/ips/?docbody=&nd=102384556&intelsearch=650%20%F3%EA%E0%E7%20%EE%F2%2022.12.2015; http://government.ru/docs/all/70401/; http://pravo.gov.ru/proxy/ips/?docbody=&nd=102163735&intelsearch=207%2013.03.2013; http://pravo.gov.ru/proxy/ips/?docbody=&nd=102163736&intelsearch=208%2013.03.2013; http://pravo.gov.ru/proxy/ips/?docbody=&nd=102166497&intelsearch=568%2005.07.2013; http://government.ru/docs/all/88043/; http://pravo.gov.ru/proxy/ips/?docbody=&nd=102170581&intelsearch=10%2009.01.2014; http://pravo.gov.ru/proxy/ips/?docbody=&nd=102366631&intelsearch=29%2021.01.2015; https://minjust.gov.ru/ru/documents/7858/; http://www.regulation.gov.ru/; https://online.spbu.ru/protivodejstvie-korrupcii-i-proyavleniyam-ekstremizma/; https://max.ru/spbuniversity1724?from=site; https://vk.com/spb1724?from=site; https://rutube.ru/channel/24725063/videos/?from=site; https://max.ru/id7801002274_gos9; https://teragerz.mave.digital/; https://abiturient.spbu.ru/; https://abiturient.spbu.ru/programs/onlayn-shkola-spbgu/; http://olympiada.spbu.ru/; https://abiturient.spbu.ru/info/general-info/dni-otkrytykh-dverey/; https://abiturient.spbu.ru/reception-foreign; https://abiturient.spbu.ru/page-lichnyy-kabinet/; http://timetable.spbu.ru/; http://psrs.spbu.ru/; https://ifea.spbu.ru/%D1%81%D1%82%D1%83%D0%B4%D0%B5%D0%BD%D1%82%D0%B0%D0%BC-%D1%81%D0%BF%D0%B1%D0%B3%D1%83; https://uosd.spbu.ru/; http://bb.spbu.ru/; http://my.spbu.ru/; http://www.library.spbu.ru/; https://research.spbu.ru/ru/; http://unipat.spbu.ru/; https://dltc.spbu.ru/; https://testingcenter.spbu.ru/ru/; http://www.psy.spbu.ru/department/psychcentre/sluzhba; http://www.econ.spbu.ru/ru/nauka/nauchnye-centry/centr-finansovoy-gramotnosti-0; http://abc.spbu.ru/; https://dspace.spbu.ru/; https://pay.spbu.ru/; https://max.ru/spbuniversity1724?from=fsite; https://vk.com/spb1724?from=fsite; https://rutube.ru/channel/24725063/videos/?from=fsite; https://minobrnauki.gov.ru/; https://edu.gov.ru/; http://drrk.ru/; http://petersburger-dialog.ru/; http://deasign.ru/; https://olympiada.spbu.ru/,195,66,261,
